Neighborhood,Id,Estimate; Total:,Margin of Error; Total:,Estimate; Under 18 years:,Margin of Error; Under 18 years:,Estimate; Under 18 years: - With one type of health insurance coverage:,Margin of Error; Under 18 years: - With one type of health insurance coverage:,Estimate; Under 18 years: - With one type of health insurance coverage: - With employer-based health insurance only,Margin of Error; Under 18 years: - With one type of health insurance coverage: - With employer-based health insurance only,Estimate; Under 18 years: - With one type of health insurance coverage: - With direct-purchase health insurance only,Margin of Error; Under 18 years: - With one type of health insurance coverage: - With direct-purchase health insurance only,Estimate; Under 18 years: - With one type of health insurance coverage: - With Medicare coverage only,Margin of Error; Under 18 years: - With one type of health insurance coverage: - With Medicare coverage only,Estimate; Under 18 years: - With one type of health insurance coverage: - With Medicaid/means-tested public coverage only,Margin of Error; Under 18 years: - With one type of health insurance coverage: - With Medicaid/means-tested public coverage only,Estimate; Under 18 years: - With one type of health insurance coverage: - With TRICARE/military health coverage only,Margin of Error; Under 18 years: - With one type of health insurance coverage: - With TRICARE/military health coverage only,Estimate; Under 18 years: - With one type of health insurance coverage: - With VA Health Care only,Margin of Error; Under 18 years: - With one type of health insurance coverage: - With VA Health Care only,Estimate; Under 18 years: - With two or more types of health insurance coverage:,Margin of Error; Under 18 years: - With two or more types of health insurance coverage:,Estimate; Under 18 years: - With two or more types of health insurance coverage: - With employer-based and direct-purchase coverage,Margin of Error; Under 18 years: - With two or more types of health insurance coverage: - With employer-based and direct-purchase coverage,Estimate; Under 18 years: - With two or more types of health insurance coverage: - With employer-based and Medicare coverage,Margin of Error; Under 18 years: - With two or more types of health insurance coverage: - With employer-based and Medicare coverage,Estimate; Under 18 years: - With two or more types of health insurance coverage: - With Medicare and Medicaid/means-tested public coverage,Margin of Error; Under 18 years: - With two or more types of health insurance coverage: - With Medicare and Medicaid/means-tested public coverage,Estimate; Under 18 years: - With two or more types of health insurance coverage: - Other private only combinations,Margin of Error; Under 18 years: - With two or more types of health insurance coverage: - Other private only combinations,Estimate; Under 18 years: - With two or more types of health insurance coverage: - Other public only combinations,Margin of Error; Under 18 years: - With two or more types of health insurance coverage: - Other public only combinations,Estimate; Under 18 years: - With two or more types of health insurance coverage: - Other coverage combinations,Margin of Error; Under 18 years: - With two or more types of health insurance coverage: - Other coverage combinations,Estimate; Under 18 years: - No health insurance coverage,Margin of Error; Under 18 years: - No health insurance coverage,Estimate; 18 to 34 years:,Margin of Error; 18 to 34 years:,Estimate; 18 to 34 years: - With one type of health insurance coverage:,Margin of Error; 18 to 34 years: - With one type of health insurance coverage:,Estimate; 18 to 34 years: - With one type of health insurance coverage: - With employer-based health insurance only,Margin of Error; 18 to 34 years: - With one type of health insurance coverage: - With employer-based health insurance only,Estimate; 18 to 34 years: - With one type of health insurance coverage: - With direct-purchase health insurance only,Margin of Error; 18 to 34 years: - With one type of health insurance coverage: - With direct-purchase health insurance only,Estimate; 18 to 34 years: - With one type of health insurance coverage: - With Medicare coverage only,Margin of Error; 18 to 34 years: - With one type of health insurance coverage: - With Medicare coverage only,Estimate; 18 to 34 years: - With one type of health insurance coverage: - With Medicaid/means-tested public coverage only,Margin of Error; 18 to 34 years: - With one type of health insurance coverage: - With Medicaid/means-tested public coverage only,Estimate; 18 to 34 years: - With one type of health insurance coverage: - With TRICARE/military health coverage only,Margin of Error; 18 to 34 years: - With one type of health insurance coverage: - With TRICARE/military health coverage only,Estimate; 18 to 34 years: - With one type of health insurance coverage: - With VA Health Care only,Margin of Error; 18 to 34 years: - With one type of health insurance coverage: - With VA Health Care only,Estimate; 18 to 34 years: - With two or more types of health insurance coverage:,Margin of Error; 18 to 34 years: - With two or more types of health insurance coverage:,Estimate; 18 to 34 years: - With two or more types of health insurance coverage: - With employer-based and direct-purchase coverage,Margin of Error; 18 to 34 years: - With two or more types of health insurance coverage: - With employer-based and direct-purchase coverage,Estimate; 18 to 34 years: - With two or more types of health insurance coverage: - With employer-based and Medicare coverage,Margin of Error; 18 to 34 years: - With two or more types of health insurance coverage: - With employer-based and Medicare coverage,Estimate; 18 to 34 years: - With two or more types of health insurance coverage: - With Medicare and Medicaid/means-tested public coverage,Margin of Error; 18 to 34 years: - With two or more types of health insurance coverage: - With Medicare and Medicaid/means-tested public coverage,Estimate; 18 to 34 years: - With two or more types of health insurance coverage: - Other private only combinations,Margin of Error; 18 to 34 years: - With two or more types of health insurance coverage: - Other private only combinations,Estimate; 18 to 34 years: - With two or more types of health insurance coverage: - Other public only combinations,Margin of Error; 18 to 34 years: - With two or more types of health insurance coverage: - Other public only combinations,Estimate; 18 to 34 years: - With two or more types of health insurance coverage: - Other coverage combinations,Margin of Error; 18 to 34 years: - With two or more types of health insurance coverage: - Other coverage combinations,Estimate; 18 to 34 years: - No health insurance coverage,Margin of Error; 18 to 34 years: - No health insurance coverage,Estimate; 35 to 64 years:,Margin of Error; 35 to 64 years:,Estimate; 35 to 64 years: - With one type of health insurance coverage:,Margin of Error; 35 to 64 years: - With one type of health insurance coverage:,Estimate; 35 to 64 years: - With one type of health insurance coverage: - With employer-based health insurance only,Margin of Error; 35 to 64 years: - With one type of health insurance coverage: - With employer-based health insurance only,Estimate; 35 to 64 years: - With one type of health insurance coverage: - With direct-purchase health insurance only,Margin of Error; 35 to 64 years: - With one type of health insurance coverage: - With direct-purchase health insurance only,Estimate; 35 to 64 years: - With one type of health insurance coverage: - With Medicare coverage only,Margin of Error; 35 to 64 years: - With one type of health insurance coverage: - With Medicare coverage only,Estimate; 35 to 64 years: - With one type of health insurance coverage: - With Medicaid/means-tested public coverage only,Margin of Error; 35 to 64 years: - With one type of health insurance coverage: - With Medicaid/means-tested public coverage only,Estimate; 35 to 64 years: - With one type of health insurance coverage: - With TRICARE/military health coverage only,Margin of Error; 35 to 64 years: - With one type of health insurance coverage: - With TRICARE/military health coverage only,Estimate; 35 to 64 years: - With one type of health insurance coverage: - With VA Health Care only,Margin of Error; 35 to 64 years: - With one type of health insurance coverage: - With VA Health Care only,Estimate; 35 to 64 years: - With two or more types of health insurance coverage:,Margin of Error; 35 to 64 years: - With two or more types of health insurance coverage:,Estimate; 35 to 64 years: - With two or more types of health insurance coverage: - With employer-based and direct-purchase coverage,Margin of Error; 35 to 64 years: - With two or more types of health insurance coverage: - With employer-based and direct-purchase coverage,Estimate; 35 to 64 years: - With two or more types of health insurance coverage: - With employer-based and Medicare coverage,Margin of Error; 35 to 64 years: - With two or more types of health insurance coverage: - With employer-based and Medicare coverage,Estimate; 35 to 64 years: - With two or more types of health insurance coverage: - With direct-purchase and Medicare coverage,Margin of Error; 35 to 64 years: - With two or more types of health insurance coverage: - With direct-purchase and Medicare coverage,Estimate; 35 to 64 years: - With two or more types of health insurance coverage: - With Medicare and Medicaid/means-tested public coverage,Margin of Error; 35 to 64 years: - With two or more types of health insurance coverage: - With Medicare and Medicaid/means-tested public coverage,Estimate; 35 to 64 years: - With two or more types of health insurance coverage: - Other private only combinations,Margin of Error; 35 to 64 years: - With two or more types of health insurance coverage: - Other private only combinations,Estimate; 35 to 64 years: - With two or more types of health insurance coverage: - Other public only combinations,Margin of Error; 35 to 64 years: - With two or more types of health insurance coverage: - Other public only combinations,Estimate; 35 to 64 years: - With two or more types of health insurance coverage: - Other coverage combinations,Margin of Error; 35 to 64 years: - With two or more types of health insurance coverage: - Other coverage combinations,Estimate; 35 to 64 years: - No health insurance coverage,Margin of Error; 35 to 64 years: - No health insurance coverage,Estimate; 65 years and over:,Margin of Error; 65 years and over:,Estimate; 65 years and over: - With one type of health insurance coverage:,Margin of Error; 65 years and over: - With one type of health insurance coverage:,Estimate; 65 years and over: - With one type of health insurance coverage: - With employer-based health insurance only,Margin of Error; 65 years and over: - With one type of health insurance coverage: - With employer-based health insurance only,Estimate; 65 years and over: - With one type of health insurance coverage: - With direct-purchase health insurance only,Margin of Error; 65 years and over: - With one type of health insurance coverage: - With direct-purchase health insurance only,Estimate; 65 years and over: - With one type of health insurance coverage: - With Medicare coverage only,Margin of Error; 65 years and over: - With one type of health insurance coverage: - With Medicare coverage only,Estimate; 65 years and over: - With one type of health insurance coverage: - With TRICARE/military health coverage only,Margin of Error; 65 years and over: - With one type of health insurance coverage: - With TRICARE/military health coverage only,Estimate; 65 years and over: - With one type of health insurance coverage: - With VA Health Care only,Margin of Error; 65 years and over: - With one type of health insurance coverage: - With VA Health Care only,Estimate; 65 years and over: - With two or more types of health insurance coverage,Margin of Error; 65 years and over: - With two or more types of health insurance coverage,Estimate; 65 years and over: - With two or more types of health insurance coverage - With employer-based and direct-purchase coverage,Margin of Error; 65 years and over: - With two or more types of health insurance coverage - With employer-based and direct-purchase coverage,Estimate; 65 years and over: - With two or more types of health insurance coverage - With employer-based and Medicare coverage,Margin of Error; 65 years and over: - With two or more types of health insurance coverage - With employer-based and Medicare coverage,Estimate; 65 years and over: - With two or more types of health insurance coverage - With direct-purchase and Medicare coverage,Margin of Error; 65 years and over: - With two or more types of health insurance coverage - With direct-purchase and Medicare coverage,Estimate; 65 years and over: - With two or more types of health insurance coverage - With Medicare and Medicaid/means-tested public coverage,Margin of Error; 65 years and over: - With two or more types of health insurance coverage - With Medicare and Medicaid/means-tested public coverage,Estimate; 65 years and over: - With two or more types of health insurance coverage - Other private only combinations,Margin of Error; 65 years and over: - With two or more types of health insurance coverage - Other private only combinations,Estimate; 65 years and over: - With two or more types of health insurance coverage - Other public only combinations,Margin of Error; 65 years and over: - With two or more types of health insurance coverage - Other public only combinations,Estimate; 65 years and over: - With two or more types of health insurance coverage - Other coverage combinations,Margin of Error; 65 years and over: - With two or more types of health insurance coverage - Other coverage combinations,Estimate; 65 years and over: - No health insurance coverage,Margin of Error; 65 years and over: - No health insurance coverage
Allegheny Center,1,1395,196,181,99,103,92,32,44,0,10,0,10,71,85,0,10,0,10,16,17,0,10,0,10,0,10,0,10,0,10,16,17,62,73,723,140,649,127,416,107,162,60,0,10,71,48,0,10,0,10,5,7,5,7,0,10,0,10,0,10,0,10,0,10,69,46,323,67,232,58,169,53,19,17,16,13,19,15,0,10,9,12,60,32,0,10,0,10,0,10,14,14,12,17,0,10,34,27,31,28,168,47,78,37,0,10,0,10,78,37,0,10,0,10,90,33,0,10,34,24,14,15,10,14,0,10,0,10,32,19,0,10
Allegheny West,2,343,96,34,38,18,24,18,24,0,10,0,10,0,10,0,10,0,10,16,28,0,10,0,10,0,10,0,10,0,10,16,28,0,10,122,53,89,42,84,42,5,8,0,10,0,10,0,10,0,10,0,10,0,10,0,10,0,10,0,10,0,10,0,10,33,37,115,58,79,35,52,35,8,9,0,10,0,10,0,10,19,24,31,42,0,10,0,10,0,10,5,10,0,10,0,10,26,41,5,7,72,40,9,10,0,10,0,10,9,10,0,10,0,10,63,38,0,10,23,34,34,32,0,10,0,10,0,10,6,8,0,10
Allentown,3,2558,449.7732762,812,239.582971,781,239.7373563,103,92.76313923,26,34.07345007,37,57.75811631,615,225.1799281,0,17.32050808,0,17.32050808,31,31.17691454,0,17.32050808,0,17.32050808,0,17.32050808,0,17.32050808,0,17.32050808,31,31.17691454,0,17.32050808,470,179.8499374,338,146.5332727,159,92.42294088,10,21.3541565,0,17.32050808,169,128.3549765,0,17.32050808,0,17.32050808,10,21.3541565,0,17.32050808,0,17.32050808,0,17.32050808,0,17.32050808,0,17.32050808,10,21.3541565,122,115.641688,1007,168.1546907,648,172.9421869,322,110.6074139,73,52.1823725,11,22.11334439,242,113.3843023,0,17.32050808,0,17.32050808,169,90.41017642,73,68.45436436,0,17.32050808,0,17.32050808,41,30.34798181,0,17.32050808,27,34.07345007,28,35.95830919,190,86.72946443,269,71.44928271,47,33.03028913,0,17.32050808,0,17.32050808,47,33.03028913,0,17.32050808,0,17.32050808,222,67.96322535,0,17.32050808,40,29.35983651,36,33.1662479,52,34.49637662,0,17.32050808,6,16.76305461,88,49.50757518,0,17.32050808
Arlington,4,1852,348.1881675,338,120.9462691,216,89.29165695,64,40.44749683,0,17.32050808,0,17.32050808,152,82.28000972,0,17.32050808,0,17.32050808,104,80.65977932,0,17.32050808,0,17.32050808,21,34.98571137,0,17.32050808,0,17.32050808,83,74.71278338,18,24.49489743,570,206.8912758,336,137.4081511,265,128.2575534,23,34.07345007,0,17.32050808,36,28.60069929,0,17.32050808,12,26.15339366,26,33.1662479,7,17.32050808,0,17.32050808,0,17.32050808,0,17.32050808,0,17.32050808,19,32.26453161,208,98.68130522,773,157.6515144,561,125.7338459,438,116.8289348,29,21.67948339,6,16.76305461,88,46.09772229,0,17.32050808,0,17.32050808,90,45.17742799,14,21.3541565,0,17.32050808,7,17.91647287,42,35.62302626,10,21.3541565,8,18.54723699,9,20.61552813,122,62.08059278,171,55.18151865,22,18.02775638,0,17.32050808,0,17.32050808,22,18.02775638,0,17.32050808,0,17.32050808,149,50.48762225,0,17.32050808,17,18.02775638,61,31.36877428,26,30.16620626,0,17.32050808,11,18.54723699,34,28.23118843,0,17.32050808
Arlington Heights,5,272,126,122,75,97,69,0,10,0,10,0,10,97,69,0,10,0,10,25,37,0,10,0,10,0,10,0,10,0,10,25,37,0,10,104,63,98,61,12,14,0,10,0,10,86,62,0,10,0,10,0,10,0,10,0,10,0,10,0,10,0,10,0,10,6,9,36,29,12,14,0,10,0,10,0,10,12,14,0,10,0,10,0,10,0,10,0,10,0,10,0,10,0,10,0,10,0,10,24,26,10,12,0,10,0,10,0,10,0,10,0,10,0,10,10,12,0,10,0,10,5,10,0,10,0,10,0,10,5,7,0,10
Banksville,6,3697,542.0903984,341,170.4406055,287,130.3303495,237,120.6565373,15,31.2409987,0,20,35,43.40506883,0,20,0,20,54,66.30233782,54,66.30233782,0,20,0,20,0,20,0,20,0,20,0,20,1255,280.7311881,1092,278.2139465,996,283.0247339,68,63.34035049,0,20,28,47.28636167,0,20,0,20,35,42.72001873,35,42.72001873,0,20,0,20,0,20,0,20,0,20,128,93.8562731,1471,294.051016,1317,285.3454047,1197,279.4673505,55,44.51965858,42,69.20260111,16,31.2409987,7,22.27105745,0,20,84,52.65928218,15,31.2409987,0,20,18,33.77869151,15,29.59729717,0,20,0,20,36,37.04051835,70,69.32532005,630,196.8908327,204,147.9662124,0,20,0,20,204,147.9662124,0,20,0,20,426,153.2155345,0,20,184,101.2027668,193,110.6887528,0,20,0,20,11,26.45751311,38,43.01162634,0,20
Bedford Dwellings,7,1349,180,477,143,407,147,11,20,17,21,0,10,379,149,0,10,0,10,64,54,0,10,0,10,22,34,0,10,0,10,42,41,6,11,364,91,268,94,38,40,30,33,0,10,200,88,0,10,0,10,66,36,0,10,0,10,18,19,0,10,0,10,48,32,30,32,345,78,200,59,67,37,0,10,0,10,133,47,0,10,0,10,78,43,0,10,8,11,0,10,50,34,8,9,0,10,12,20,67,47,163,43,43,26,9,14,0,10,34,22,0,10,0,10,120,32,0,10,0,10,15,13,86,31,0,10,0,10,19,15,0,10
Beechview,8,7996,721.6654349,1399,279.7069895,1096,260.8831156,655,207.973556,12,38.41874542,0,31.6227766,429,168.5823241,0,31.6227766,0,31.6227766,233,118.4820662,12,36.05551275,0,31.6227766,0,31.6227766,0,31.6227766,0,31.6227766,221,116.3357211,70,67.05221846,2265,354.1539213,1717,284.9526276,1337,249.6177077,153,85.59205571,0,31.6227766,216,110.1226589,0,31.6227766,11,34.98571137,71,52.5642464,11,34,0,31.6227766,2,30.2654919,0,31.6227766,0,31.6227766,58,50.97057975,477,217.8279137,3156,391.887739,2524,378.2433079,1961,276.8013728,120,53.93514624,56,46.292548,360,210.905192,27,39.03844259,0,31.6227766,295,114.4333867,48,56.86826883,0,31.6227766,1,30.2654919,87,59.9666574,17,37.80211634,27,46.86149806,115,61.25357132,337,132.5631925,1176,204.9219364,296,108.3928042,38,39.43348831,0,31.6227766,258,102.0784012,0,31.6227766,0,31.6227766,880,174.022987,0,31.6227766,267,88.23264702,266,77.92303896,147,130.418557,0,31.6227766,0,31.6227766,200,68.25686779,0,31.6227766
Beltzhoover,9,1702,343.0728786,331,139.6889401,246,129.7420518,122,116.2153174,6,20,0,20,118,86.29600222,0,20,0,20,14,21.44761059,0,20,5,19.07878403,0,20,0,20,0,20,9,22.27105745,71,65.73431372,369,144.5717815,218,99.4233373,139,74.49832213,9,22.91287847,0,20,70,71.06335202,0,20,0,20,13,28,13,28,0,20,0,20,0,20,0,20,0,20,138,108.2173738,718,179.379486,530,159.0440191,419,154.1233272,20,27.27636339,11,22.91287847,80,59.65735495,0,20,0,20,109,68.19090848,22,30.41381265,7,20,0,20,45,56.93856338,0,20,0,20,35,29.05167809,79,71.05631569,284,76.53757247,79,44.78839135,7,20,0,20,72,43.56604182,0,20,0,20,205,63.59245238,0,20,23,28.72281323,38,27.87471973,34,30.88689042,0,20,19,24.91987159,91,42.95346319,0,20
Bloomfield,10,8667,491.3481454,670,173.5050432,618,164.7027626,438,116.6061748,29,37.36308338,0,31.6227766,149,123.7537878,2,30.59411708,0,31.6227766,27,27.87471973,0,31.6227766,0,31.6227766,0,31.6227766,0,31.6227766,0,31.6227766,27,27.87471973,25,43.27817002,4419,382.5009804,3480,329.3675758,2853,297.4962185,442,136.7991228,0,31.6227766,138,82.43178998,47,50.48762225,0,31.6227766,197,75.25955089,121,61.3025285,0,31.6227766,35,43.87482194,11,37.20215048,0,31.6227766,30,29.51270913,742,165.3178756,2483,209.1817392,1987,189.330399,1456,155.650249,247,72.95889254,59,41.91658383,212,89.52094727,7,31.6227766,6,31.6227766,233,82.20705566,48,33.55592347,5,31.04834939,10,29.96664813,73,56.75385449,28,50.80354318,0,31.6227766,69,44.01136217,263,82.00609733,1095,139.1438105,264,71.63099888,22,35.12833614,0,31.6227766,237,69.6491206,0,31.6227766,5,31.04834939,831,121.8359553,0,31.6227766,197,66.0454389,297,71.51922818,104,55.4436651,3,30.41381265,5,31.04834939,225,68.0661443,0,31.6227766
Bluff,11,3951,337.4581456,71,58.73670062,66,58.55766389,53,39.42080669,13,30.41381265,0,20,0,20,0,20,0,20,5,20.51828453,0,20,0,20,0,20,0,20,0,20,5,20.51828453,0,20,3543,297.1565244,3361,285.1683713,2585,290.9123579,630,159.4490514,9,26.45751311,69,37.60319135,62,65.3375849,6,21.65640783,94,58.61740356,36,39.94996871,0,20,0,20,44,41.76122604,0,20,14,26.45751311,88,48.87739764,223,100.5037313,129,79.18964579,92,75.58438992,0,20,15,28.16025568,22,23.57965225,0,20,0,20,25,24.69817807,0,20,0,20,0,20,2,17.57839583,0,20,0,20,23,24.2693222,69,53.95368384,114,87.30979327,48,70.20683727,30,69.20260111,0,20,18,23.23790008,0,20,0,20,66,33.36165464,0,20,25,25.57342371,25,21.65640783,4,18.68154169,0,20,0,20,12,19.84943324,0,20
Bon Air,12,915,172,249,120,171,85,133,67,0,10,0,10,38,47,0,10,0,10,78,112,0,10,0,10,0,10,0,10,0,10,78,112,0,10,215,81,205,81,171,83,14,15,0,10,14,22,6,9,0,10,0,10,0,10,0,10,0,10,0,10,0,10,0,10,10,16,342,83,307,78,278,79,22,39,0,10,7,15,0,10,0,10,6,9,4,7,0,10,0,10,0,10,0,10,0,10,2,4,29,29,109,50,11,13,0,10,0,10,11,13,0,10,0,10,98,44,0,10,36,24,21,21,0,10,0,10,0,10,41,24,0,10
Brighton Heights,13,7361,556.0611477,1425,279.7516756,1132,257.6101706,449,136.0404352,172,129.3290377,0,26.45751311,511,206.9685967,0,26.45751311,0,26.45751311,243,147.7802423,74,86.58521814,0,26.45751311,0,26.45751311,0,26.45751311,0,26.45751311,169,123.2193167,50,40.5339364,1688,233.9978632,1304,203.8945806,1005,173.4416328,77,60.87692502,0,26.45751311,212,88.40248865,0,26.45751311,10,28.21347196,200,87.43569065,74,62.91263784,0,26.45751311,17,38.72983346,0,26.45751311,0,26.45751311,109,60.41522987,184,78.44743463,3057,295.8580741,2393,239.9708316,1839,224.2654677,288,114.5949388,23,33.60059523,217,92.35258524,0,26.45751311,26,34.89985673,314,108.853112,67,59.05082557,28,31.1608729,0,26.45751311,84,51.0881591,10,29.81610303,16,34.2928564,109,77,350,140.9929076,1191,174.9371316,293,87.51571287,8,27.73084925,0,26.45751311,285,86.35971283,0,26.45751311,0,26.45751311,898,152.3712571,0,26.45751311,217,80.64118055,282,98.50888285,101,51.45872132,0,26.45751311,20,30.85449724,278,87.18371408,0,26.45751311
Brookline,14,13150,942.9066762,2532,430.2940855,2239,396.2221599,1137,272.9047453,105,98.59006035,11,41.96427052,937,274.9563602,49,88.31760866,0,38.72983346,76,61.06553856,10,40.6939799,0,38.72983346,0,38.72983346,0,38.72983346,0,38.72983346,66,59.11006682,217,158.7765726,3173,438.369707,2579,389.8140582,2099,358.7129772,156,90.70832376,14,40.31128874,291,134.171532,0,38.72983346,19,42.34383072,137,88.74119675,28,50.60632372,0,38.72983346,56,63.82005954,9,40.31128874,0,38.72983346,44,63.68673331,457,156.8247429,5534,480.5840197,4605,448.9019938,3671,408.3601352,287,126.2220266,102,65.520989,384,199.4467347,55,97.46794345,106,84.69356528,344,114.2190877,109,81.1418511,16,45,20,42,76,54.47017533,17,45.563143,12,38.83297568,94,57.93962375,585,162.1357456,1911,223.3808407,339,111.0945543,40,47.96873982,0,38.72983346,299,106.8176015,0,38.72983346,0,38.72983346,1572,203.6811233,0,38.72983346,356,105.1284928,559,128.5846025,92,70.24955516,0,38.72983346,67,70.87312608,498,125.2437623,0,38.72983346
California-Kirkbride,15,795,136,186,75,179,74,47,42,0,10,0,10,132,71,0,10,0,10,7,10,0,10,0,10,0,10,0,10,0,10,7,10,0,10,242,77,130,52,68,48,0,10,0,10,62,37,0,10,0,10,53,34,0,10,0,10,29,30,21,29,0,10,3,5,59,62,293,76,182,43,79,44,20,19,16,14,67,37,0,10,0,10,24,20,0,10,0,10,4,5,14,16,0,10,6,8,0,10,87,68,74,25,28,16,6,13,0,10,18,12,0,10,4,9,46,17,0,10,7,7,10,10,20,13,0,10,5,6,4,6,0,10
Carrick,16,10111,826.974002,2117,433.9723494,1984,421.3466506,446,140.1249442,51,52.82045059,0,36.05551275,1487,407.3389252,0,36.05551275,0,36.05551275,109,102.1714246,1,35.34119409,0,36.05551275,20,47.15930449,0,36.05551275,0,36.05551275,88,97.80593029,24,41.86884283,2549,376.0877557,1885,308.5465929,1208,260.8026074,137,77.96152897,0,36.05551275,540,152.7907065,0,36.05551275,0,36.05551275,61,49.1426495,0,36.05551275,0,36.05551275,36,44.87761134,0,36.05551275,0,36.05551275,25,40.1497198,603,185.2943604,4001,367.4166572,3155,329.2582573,2312,276.7020058,212,93.49866309,33,41.18252056,499,144.5268141,0,36.05551275,99,73.93916418,492,131.4496101,37,44.06812907,30,40.82891133,20,37.65634077,182,73.66817495,1,35.55277767,32,45.17742799,190,99.61927524,354,124.1249371,1444,180.7595087,233,77.73030297,67,55.3714728,0,36.05551275,166,63.70243323,0,36.05551275,0,36.05551275,1188,164.7877423,0,36.05551275,270,81.64557551,468,117.8473589,107,57.54997828,0,36.05551275,15,37.49666652,328,89.16838005,23,42.10700654
Central Business District,17,4060,458.0262001,69,60.3158354,69,60.3158354,57,57.7754273,0,24.49489743,0,24.49489743,12,30,0,24.49489743,0,24.49489743,0,24.49489743,0,24.49489743,0,24.49489743,0,24.49489743,0,24.49489743,0,24.49489743,0,24.49489743,0,24.49489743,2400,395.2530835,2104,371.5238889,1670,359.4620981,360,106.8690788,0,24.49489743,67,49.35585072,7,24.49489743,0,24.49489743,122,66.70832032,70,54.08326913,0,24.49489743,13,30,10,27.49545417,0,24.49489743,29,33.04542328,174,95.31526635,1182,226.1216487,928,214.0981084,757,198.2801049,132,87.25823743,0,24.49489743,39,41.24318125,0,24.49489743,0,24.49489743,119,66.14378278,44,48.68264578,0,24.49489743,0,24.49489743,38,38.37968212,0,24.49489743,11,28.08914381,26,33.54101966,135,90.81299466,409,115.3299614,89,53.55371136,9,26.38181192,0,24.49489743,71,49.08156477,0,24.49489743,9,26.92582404,320,109.6631205,0,24.49489743,35,31.09662361,126,87.96590248,42,53.86093204,0,24.49489743,11,28.08914381,106,48.32183771,0,24.49489743
Central Lawrenceville,18,4598,370.6184021,367,102.2790301,325,100.7223908,137,80.24337979,21,25.78759392,0,24.49489743,167,82.18272325,0,24.49489743,0,24.49489743,13,24.08318916,13,24.08318916,0,24.49489743,0,24.49489743,0,24.49489743,0,24.49489743,0,24.49489743,29,43.50861984,1838,262.4690458,1449,225.0777643,1242,220.2407773,128,54.29548784,0,24.49489743,79,50.93132631,0,24.49489743,0,24.49489743,83,51.70106382,28,28.65309756,0,24.49489743,1,22.56102835,0,24.49489743,0,24.49489743,54,49.70915409,306,123.7861058,1729,231.4692204,1419,215.0813799,1072,192.4214125,122,74.20242584,41,33.04542328,184,67.88225099,0,24.49489743,0,24.49489743,113,59.75784467,41,48.46648326,4,23.43074903,8,25.86503431,18,24.65765601,0,24.49489743,0,24.49489743,42,37.18870796,197,86.0581199,664,119.6160524,230,84.16056083,50,40.02499219,0,24.49489743,180,78.2879301,0,24.49489743,0,24.49489743,434,92.44457799,0,24.49489743,98,52.94336597,134,46.70117772,73,55.79426494,0,24.49489743,28,28.28427125,101,41.38840417,0,24.49489743
Central Northside,19,2887,345.7412327,548,203.7768387,442,162.3976601,44,24.12467616,28,28.24889378,0,17.32050808,370,157.7624797,0,17.32050808,0,17.32050808,102,129.2632972,14,17.8325545,0,17.32050808,0,17.32050808,0,17.32050808,0,17.32050808,88,128.6390298,4,15.3622915,832,169.7144661,655,124.8278815,491,100.8513758,61,37.86819246,0,17.32050808,103,60.53924347,0,17.32050808,0,17.32050808,94,91,6,16.76305461,0,17.32050808,0,17.32050808,0,17.32050808,0,17.32050808,88,90.04443348,83,50.27922036,1077,147.38046,800,109.6357606,519,90.39911504,103,58.85575588,5,16.24807681,156,58.01723882,0,17.32050808,17,18.84144368,155,59.67411499,63,36.74234614,10,17.91647287,0,17.32050808,4,15.77973384,0,17.32050808,0,17.32050808,78,44.42971978,122,56.0357029,430,84.49260323,78,38.10511777,9,21.3541565,0,17.32050808,69,34.58323293,0,17.32050808,0,17.32050808,352,80.26830009,0,17.32050808,69,30.7408523,61,32.46536616,129,55,0,17.32050808,10,14.73091986,83,42.86023798,0,17.32050808
Central Oakland,20,5822,659.4164087,56,29.79932885,23,24.18677324,12,19.89974874,11,22.11334439,0,17.32050808,0,17.32050808,0,17.32050808,0,17.32050808,8,20.61552813,0,17.32050808,0,17.32050808,0,17.32050808,8,20.61552813,0,17.32050808,0,17.32050808,25,14.69693846,5128,652.0414097,4656,649.7145527,3948,571.9519211,555,158.436107,0,17.32050808,58,102.9757253,80,70.88723439,15,21.3541565,230,98.25477088,199,89.83317873,0,17.32050808,0,17.32050808,8,19.89974874,0,17.32050808,23,20.97617696,242,107.4430081,433,134.0857934,261,90.29396436,160,77.3369252,63,46.62617291,0,17.32050808,38,22.22611077,0,17.32050808,0,17.32050808,70,64.75337829,37,57.75811631,0,17.32050808,16,27,5,17.91647287,0,17.32050808,0,17.32050808,12,25.3179778,102,42.64973622,205,62.20128616,79,64.95382976,12,27,10,21.3541565,57,57.218878,0,17.32050808,0,17.32050808,126,56.64803615,0,17.32050808,13,24.49489743,60,47.92702787,0,17.32050808,0,17.32050808,0,17.32050808,53,41.44876355,0,17.32050808
Chartiers City,21,560,172,90,86,90,86,0,10,0,10,0,10,90,86,0,10,0,10,0,10,0,10,0,10,0,10,0,10,0,10,0,10,0,10,66,42,43,32,7,11,0,10,0,10,36,31,0,10,0,10,0,10,0,10,0,10,0,10,0,10,0,10,0,10,23,30,233,86,192,78,140,64,28,33,0,10,24,27,0,10,0,10,11,17,0,10,0,10,0,10,0,10,0,10,11,17,0,10,30,33,171,65,8,13,0,10,0,10,8,13,0,10,0,10,163,65,0,10,68,59,19,23,25,24,0,10,8,13,43,35,0,10
Chateau,22,3,3,0,10,0,10,0,10,0,10,0,10,0,10,0,10,0,10,0,10,0,10,0,10,0,10,0,10,0,10,0,10,0,10,0,10,0,10,0,10,0,10,0,10,0,10,0,10,0,10,0,10,0,10,0,10,0,10,0,10,0,10,0,10,0,10,0,10,0,10,0,10,0,10,0,10,0,10,0,10,0,10,0,10,0,10,0,10,0,10,0,10,0,10,0,10,0,10,0,10,3,3,0,10,0,10,0,10,0,10,0,10,0,10,3,3,0,10,0,10,3,3,0,10,0,10,0,10,0,10,0,10
Crafton Heights,23,3964,384.9818178,998,191.760267,803,170.443539,274,110.140819,46,38.07886553,0,20,483,155.1966494,0,20,0,20,177,89.89994438,0,20,0,20,22,36.3868108,0,20,0,20,155,81.77407902,18,26.83281573,997,178.4124435,773,157.7941697,553,141.876707,38,28.72281323,0,20,182,73.11634564,0,20,0,20,49,46.75467891,0,20,0,20,28,42.67317659,0,20,0,20,21,23.53720459,175,80.95677859,1437,166.3911055,1158,161.1614098,948,153.6847422,92,40.37325848,15,19.49358869,90,51.96152423,0,20,13,20,124,52.26853738,38,29.20616373,4,18.33030278,0,20,6,19.5192213,0,20,0,20,76,42.11887938,155,63.41923998,532,76.98051702,88,36.86461718,20,19.5192213,0,20,68,35.09985755,0,20,0,20,444,78.88599369,0,20,94,39.34463115,174,62.45798588,53,38.05259518,0,20,23,33.77869151,100,37.2961124,0,20
Crawford-Roberts,24,2225,329.528451,420,174.1551033,304,148.8220414,59,70.71067812,7,14.86606875,0,14.14213562,238,126.589889,0,14.14213562,0,14.14213562,116,82.46211251,10,16.40121947,0,14.14213562,0,14.14213562,0,14.14213562,0,14.14213562,106,83.43260753,0,14.14213562,512,147.0782105,373,127.6126953,195,103.7689742,31,36.40054945,0,14.14213562,147,89.69392399,0,14.14213562,0,14.14213562,50,57.87054518,0,14.14213562,0,14.14213562,0,14.14213562,0,14.14213562,0,14.14213562,50,57.87054518,89,61.81423784,744,150.6021248,367,104.6231332,217,91.54780172,19,20.80865205,52,49.03060269,79,59.81638572,0,14.14213562,0,14.14213562,174,88.48163651,9,18.86796226,10,18.86796226,8,15.62049935,87,64.03124237,0,14.14213562,6,13.45362405,54,55.90169944,203,95.8018789,549,120.8801059,208,103.7304198,30,34.13209633,0,14.14213562,178,97.75479528,0,14.14213562,0,14.14213562,341,76.84399781,0,14.14213562,75,43.93176527,75,36.35931793,55,43.46262762,0,14.14213562,17,20.59126028,119,48.54894438,0,14.14213562
Duquesne Heights,25,2522,350.7506237,359,132.9247908,346,130.3840481,188,99.92997548,11,19.72308292,0,14.14213562,147,92.35799911,0,14.14213562,0,14.14213562,13,21.47091055,13,21.47091055,0,14.14213562,0,14.14213562,0,14.14213562,0,14.14213562,0,14.14213562,0,14.14213562,742,182.7812901,629,140.4279175,474,142.2849254,77,68.60029154,0,14.14213562,78,45.79301257,0,14.14213562,0,14.14213562,64,57.42821606,36,35.4682957,0,14.14213562,0,14.14213562,0,14.14213562,0,14.14213562,28,46.09772229,49,54.70831747,1037,167.600716,853,147.1054044,672,137.9057649,115,58,8,16.40121947,49,38.27531842,0,14.14213562,9,17.20465053,74,39.69886648,16,21.47091055,4,12.20655562,0,14.14213562,23,21.47091055,0,14.14213562,0,14.14213562,31,26.92582404,110,63.1585307,384,80.45495634,75,45.96737974,39,32.57299495,0,14.14213562,36,34.17601498,0,14.14213562,0,14.14213562,309,79.0569415,0,14.14213562,98,51.2249939,106,58.5918083,13,18.02775638,0,14.14213562,20,23.2594067,72,39.05124838,0,14.14213562
East Allegheny,26,2095,284.4011252,144,86.31338251,114,75.43208866,65,56.75385449,10,18.86796226,0,14.14213562,39,50.69516742,0,14.14213562,0,14.14213562,9,17.20465053,0,14.14213562,0,14.14213562,0,14.14213562,0,14.14213562,0,14.14213562,9,17.20465053,21,38.32753579,642,227.0022026,441,173.971262,283,140.943251,112,79.9812478,0,14.14213562,46,57.24508713,0,14.14213562,0,14.14213562,56,54.91812087,42,54.91812087,0,14.14213562,0,14.14213562,0,14.14213562,0,14.14213562,14,20.59126028,145,116.9273279,1009,193.0414463,686,154.2076522,451,118.92855,46,31.2409987,21,23.60084744,157,85.60373824,0,14.14213562,11,20.59126028,192,85.44003745,55,51.97114584,0,14.14213562,21,25.07987241,42,34.4818793,0,14.14213562,42,51.86520992,32,24.69817807,131,72.18032973,300,77.1038261,58,32.55764119,0,14.14213562,0,14.14213562,58,32.55764119,0,14.14213562,0,14.14213562,242,73.06161783,0,14.14213562,43,27.85677655,66,35.34119409,52,40.26164428,0,14.14213562,8,17.20465053,73,41.61730409,0,14.14213562
East Carnegie,27,610,120,89,51,84,51,62,49,0,10,0,10,22,23,0,10,0,10,5,7,0,10,0,10,0,10,0,10,0,10,5,7,0,10,236,70,208,69,176,72,21,16,0,10,11,13,0,10,0,10,4,6,4,6,0,10,0,10,0,10,0,10,0,10,24,26,229,54,191,53,140,49,31,22,8,9,12,12,0,10,0,10,33,22,12,17,0,10,0,10,14,11,0,10,7,10,0,10,5,7,56,33,16,23,7,25,0,10,9,12,0,10,0,10,40,23,0,10,20,23,12,17,0,10,0,10,0,10,8,7,0,10
East Hills,28,2859,435.754518,742,231.9892239,625,212.1532465,76,68.09552114,0,17.32050808,0,17.32050808,549,202.923631,0,17.32050808,0,17.32050808,54,79.27168473,0,17.32050808,0,17.32050808,0,17.32050808,0,17.32050808,0,17.32050808,54,79.27168473,63,72.89032858,624,170.4611393,461,154.0681667,170,97.84681906,0,17.32050808,0,17.32050808,291,115.5984429,0,17.32050808,0,17.32050808,30,39.61060464,0,17.32050808,0,17.32050808,0,17.32050808,0,17.32050808,0,17.32050808,30,39.61060464,133,90.02221948,1102,227.0528573,762,216.5479162,463,189.2458718,45,42.01190308,35,32.01562119,219,94.93155429,0,17.32050808,0,17.32050808,109,56.38262144,0,17.32050808,7,18.54723699,9,20.61552813,37,42.96510212,0,17.32050808,0,17.32050808,56,36.95943723,231,105.3138168,391,92.70922284,101,56.74504384,0,17.32050808,0,17.32050808,101,56.74504384,0,17.32050808,0,17.32050808,290,79.4606821,0,17.32050808,83,47.33920151,40,28.74021573,48,40.62019202,0,17.32050808,10,20.61552813,109,56.50663678,0,17.32050808
East Liberty,29,5400,613.8077875,1059,307.5060975,950,275.9311508,320,176.7370929,65,75.04665216,0,28.28427125,565,190.3207818,0,28.28427125,0,28.28427125,76,66.76076692,0,28.28427125,0,28.28427125,0,28.28427125,0,28.28427125,0,28.28427125,76,66.76076692,33,44.13615298,1897,278.6736443,1419,256.2830467,969,212.9013856,257,139.222843,0,28.28427125,193,94.21783271,0,28.28427125,0,28.28427125,134,88.70174745,61,75.29276194,0,28.28427125,48,51.66236541,7,28.28427125,0,28.28427125,18,31.52776554,344,143.251527,1719,312.2178726,1193,266.1071213,676,205.2827319,92,55.57877293,16,30.28200786,393,142.4394608,0,28.28427125,16,32.01562119,255,89.40357935,51,53.02829433,0,28.28427125,0,28.28427125,52,46.41120554,0,28.28427125,31,37.21558813,121,63.38769597,271,128.0312462,725,144.9551655,187,87.82938005,27,34.43835072,0,28.28427125,160,84.10707461,0,28.28427125,0,28.28427125,538,130.3687079,0,28.28427125,115,69.84268036,104,50.90186637,157,73.1300212,0,28.28427125,22,32.69556545,140,60.68772528,0,28.28427125
Elliott,30,2491,405.6870715,726,223.9687478,679,224.5974176,399,192.0468693,78,54.73572873,0,17.32050808,202,158.7765726,0,17.32050808,0,17.32050808,47,39.10242959,0,17.32050808,0,17.32050808,8,19.20937271,0,17.32050808,0,17.32050808,39,36.93237063,0,17.32050808,476,137.7316231,456,133.4503653,322,122.1228889,31,25,0,17.32050808,103,71.56116265,0,17.32050808,0,17.32050808,0,17.32050808,0,17.32050808,0,17.32050808,0,17.32050808,0,17.32050808,0,17.32050808,0,17.32050808,20,31.36877428,1029,167.0957809,773,149.2146105,630,148.9429421,26,28.72281323,12,22.89104628,105,67.50555533,0,17.32050808,0,17.32050808,156,72.11795893,16,19.20937271,6,16.76305461,16,22.11334439,85,63.82005954,0,17.32050808,0,17.32050808,33,29.74894956,100,46.95742753,260,68.61486719,39,27.82085549,0,17.32050808,0,17.32050808,39,27.82085549,0,17.32050808,0,17.32050808,221,64.94613152,0,17.32050808,59,34.71310992,66,29.58039892,56,35.18522417,0,17.32050808,0,17.32050808,40,26.01922366,0,17.32050808
Esplen,31,309,118,41,54,35,52,5,9,0,10,0,10,30,52,0,10,0,10,6,9,0,10,0,10,0,10,0,10,0,10,6,9,0,10,136,80,91,66,34,34,45,67,0,10,12,14,0,10,0,10,6,11,0,10,0,10,6,11,0,10,0,10,0,10,39,27,103,56,90,54,73,54,10,15,0,10,7,11,0,10,0,10,5,11,0,10,0,10,0,10,5,11,0,10,0,10,0,10,8,9,29,21,6,9,0,10,0,10,6,9,0,10,0,10,23,20,0,10,3,4,10,15,10,14,0,10,0,10,0,10,0,10
Fairywood,32,1181,238,121,75,121,75,57,42,32,40,0,10,32,39,0,10,0,10,0,10,0,10,0,10,0,10,0,10,0,10,0,10,0,10,737,174,737,174,571,153,116,70,0,10,50,76,0,10,0,10,0,10,0,10,0,10,0,10,0,10,0,10,0,10,0,10,237,117,192,105,142,98,24,34,13,31,13,30,0,10,0,10,31,38,0,10,7,13,15,33,0,10,0,10,0,10,9,15,14,16,86,58,21,22,8,14,0,10,13,16,0,10,0,10,65,51,0,10,7,12,18,20,37,47,0,10,0,10,3,5,0,10
Fineview,33,1270,285.2174609,271,85.21150157,241,78.77182237,61,53.90732789,0,14.14213562,0,14.14213562,180,71.58910532,0,14.14213562,0,14.14213562,30,43.17406629,30,43.17406629,0,14.14213562,0,14.14213562,0,14.14213562,0,14.14213562,0,14.14213562,0,14.14213562,280,92.13034245,198,86.83317338,74,81.22191822,18,23.76972865,0,14.14213562,106,59.8414572,0,14.14213562,0,14.14213562,30,24.16609195,3,11.18033989,0,14.14213562,4,11.66190379,0,14.14213562,0,14.14213562,23,23.2594067,52,52.63078947,581,182.7046797,360,122.6417547,260,111.1395519,9,17.20465053,4,11.66190379,87,52.15361924,0,14.14213562,0,14.14213562,119,72.12489168,32,42.20189569,0,14.14213562,0,14.14213562,10,14.14213562,0,14.14213562,6,12.80624847,71,60.20797289,102,58.05170109,138,45.18849411,37,37.36308338,0,14.14213562,0,14.14213562,37,37.36308338,0,14.14213562,0,14.14213562,101,35.51056181,0,14.14213562,43,27.31300057,3,11.66190379,23,14.86606875,0,14.14213562,7,14.86606875,25,14.2126704,0,14.14213562
Friendship,34,1829,268.0167905,109,72.11102551,90,70.22819946,80,67.41661516,0,14.14213562,0,14.14213562,10,20.59126028,0,14.14213562,0,14.14213562,19,23.2594067,0,14.14213562,0,14.14213562,8,16.40121947,0,14.14213562,0,14.14213562,11,18.86796226,0,14.14213562,1121,207.2920645,900,191.9270695,744,188.8756204,151,99.50376877,0,14.14213562,5,13.45362405,0,14.14213562,0,14.14213562,80,72.01388755,59,65.76473219,0,14.14213562,0,14.14213562,0,14.14213562,0,14.14213562,21,32.57299495,141,91.96738552,503,155.8781575,413,147.8276023,354,151.4265499,27,25.61249695,0,14.14213562,23,24.20743687,0,14.14213562,9,17.20465053,21,26,0,14.14213562,0,14.14213562,0,14.14213562,7,14.86606875,0,14.14213562,0,14.14213562,14,23.2594067,69,60.53924347,96,49.81967483,43,40.49691346,0,14.14213562,0,14.14213562,43,40.49691346,0,14.14213562,0,14.14213562,53,40,0,14.14213562,0,14.14213562,38,39.40812099,15,26.92582404,0,14.14213562,0,14.14213562,0,14.14213562,0,14.14213562
Garfield,35,3966,397.2732057,1000,176.2725163,911,172.9364045,112,51.49757276,86,86.47543004,65,68.9637586,648,148.9496559,0,22.36067978,0,22.36067978,64,43.55456348,0,22.36067978,0,22.36067978,12,28.28427125,0,22.36067978,0,22.36067978,52,38.65229618,25,31.20897307,1056,204.5360604,737,144.2012483,353,113.2695899,126,59.74947699,0,22.36067978,258,81.41867108,0,22.36067978,0,22.36067978,23,28.28427125,9,24.41311123,0,22.36067978,0,22.36067978,0,22.36067978,0,22.36067978,14,25.61249695,296,116.747591,1463,161.0527864,852,123.604207,520,103.3440855,56,38.28837944,19,26.90724809,255,77.54998388,0,22.36067978,2,20.61552813,279,76.62245102,12,21.67948339,32,34.40930107,19,29.8831056,111,53.07541804,0,22.36067978,6,21.9317122,99,58.02585631,332,112.0758672,447,72.22880312,129,51.11751168,19,22.69361144,0,22.36067978,104,50.80354318,0,22.36067978,6,21.9317122,310,57.14017851,0,22.36067978,26,17.91647287,98,38.96151948,105,37.65634077,0,22.36067978,4,20.88061302,77,35.93048845,8,23.32380758
Glen Hazel,36,507,201,118,95,118,95,21,34,0,10,31,49,66,78,0,10,0,10,0,10,0,10,0,10,0,10,0,10,0,10,0,10,0,10,102,72,53,56,0,10,10,16,30,46,13,25,0,10,0,10,49,61,0,10,0,10,0,10,0,10,0,10,49,61,0,10,205,96,101,73,43,72,0,10,0,10,58,46,0,10,0,10,77,53,0,10,0,10,0,10,42,56,0,10,30,48,5,7,27,44,82,51,25,21,0,10,0,10,25,21,0,10,0,10,57,40,0,10,6,13,12,21,19,25,0,10,0,10,20,19,0,10
Greenfield,37,7690,699.4647954,1221,256.9163288,1121,244.9183537,764,222.1080818,70,70.27090436,0,30,275,159.3361227,12,35.22782991,0,30,36,42.93017587,16,39.10242959,9,32.01562119,0,30,0,30,0,30,11,33,64,61.21274377,2527,458.7297679,2204,429.5614042,1766,367.3418027,248,116.679047,0,30,178,124.6394801,12,35.83294573,0,30,59,47.30750469,40,45.76024475,0,30,0,30,0,30,0,30,19,42.70831301,264,138.9568278,2761,365.7485475,2363,344.8100927,2042,307.7271519,135,94.73647661,18,39.10242959,157,98.25477088,11,33,0,30,242,97.42176348,79,68.15423685,19,33.91164992,17,39.10242959,52,49.49747468,0,30,0,30,75,51.41011574,156,104.7377678,1181,219.3080026,183,92,15,31.89043744,9,31.55946768,159,90.18314698,0,30,0,30,998,204.9243763,0,30,178,95.49345527,357,122.6947432,129,90.91204541,0,30,9,31.55946768,325,125.686117,0,30
Hays,38,405,109,84,45,84,45,32,27,19,27,0,10,30,33,3,5,0,10,0,10,0,10,0,10,0,10,0,10,0,10,0,10,0,10,59,36,45,32,21,15,10,17,0,10,11,15,3,5,0,10,4,6,0,10,0,10,4,6,0,10,0,10,0,10,10,14,200,64,160,63,88,40,29,31,0,10,37,34,0,10,6,8,26,19,6,9,0,10,0,10,3,6,0,10,8,12,9,10,14,16,62,32,16,15,0,10,5,9,11,12,0,10,0,10,46,30,0,10,9,10,19,22,13,13,0,10,0,10,5,7,0,10
Hazelwood,39,4257,666.9370285,1056,330.9350389,1028,331.0226578,474,256.2674384,80,66.58077801,0,26.45751311,474,217.6970372,0,26.45751311,0,26.45751311,10,29.25747768,0,26.45751311,0,26.45751311,0,26.45751311,0,26.45751311,0,26.45751311,10,29.25747768,18,37.20215048,743,179.0418945,526,156.792857,358,120.5611878,51,48.83646179,0,26.45751311,117,68.8912186,0,26.45751311,0,26.45751311,25,32.78719262,0,26.45751311,0,26.45751311,11,29.81610303,0,26.45751311,0,26.45751311,14,29.76575213,192,91.10433579,1764,275.9963768,1217,227.4291098,774,184.9702679,69,52.89612462,97,68.63672486,275,121.5195458,0,26.45751311,2,24.81934729,232,104.6518036,30,31.95309062,0,26.45751311,0,26.45751311,115,80.58535847,0,26.45751311,0,26.45751311,87,62.05642594,315,136.9927005,694,172.8062499,288,139.8356178,111,119.3105192,0,26.45751311,177,77.5112895,0,26.45751311,0,26.45751311,397,113.8244262,0,26.45751311,48,39.14077158,188,88.85943957,35,34.36568055,0,26.45751311,4,25.21904043,122,69.39020104,9,24.61706725
Highland Park,40,6805,870.0844787,1492,443.737535,1476,443.2335727,962,327.9085238,321,263.5469598,0,28.28427125,181,110.3539759,12,32.57299495,0,28.28427125,16,32.28002478,0,28.28427125,0,28.28427125,0,28.28427125,0,28.28427125,0,28.28427125,16,32.28002478,0,28.28427125,1690,332.905392,1519,330.0651451,1350,330.0227265,108,64.20280368,0,28.28427125,61,52.63078947,0,28.28427125,0,28.28427125,25,36.22154055,0,28.28427125,0,28.28427125,0,28.28427125,0,28.28427125,0,28.28427125,25,36.22154055,146,83.78544026,2700,398.276286,2227,366.6469692,1713,309.0177988,351,190.0394696,36,49.24428901,64,53.79591063,15,36.40054945,48,60.23288139,284,130.3418582,101,89.53770156,0,28.28427125,21,38.60051813,2,26.62705391,0,28.28427125,13,33.1662479,147,89.79977728,189,116.5075105,923,194.8768842,220,96.13012015,29,40.81666326,0,28.28427125,191,90.68075871,0,28.28427125,0,28.28427125,703,180.4965374,0,28.28427125,247,131.5484702,288,117.9533806,34,39.20459157,0,28.28427125,15,35.05709629,119,66.26462103,0,28.28427125
Homewood North,41,3371,470.4997343,1275,287.3168982,1165,269.1263644,180,106.7988764,119,107.6568623,21,36.89173349,845,262.3185087,0,22.36067978,0,22.36067978,79,57.76677246,7,22.82542442,0,22.36067978,19,36.05551275,0,22.36067978,0,22.36067978,53,50.15974482,31,42.94182111,789,167.3140759,564,156.3649577,103,54.24942396,50,59.46427499,25,35.04283094,386,142.8635713,0,22.36067978,0,22.36067978,54,40.02499219,21,30.01666204,0,22.36067978,23,30.9354166,0,22.36067978,0,22.36067978,10,25,171,75.09993342,957,151.5222756,640,127.6283668,306,94.11694853,18,32.01562119,40,41.29164564,265,87.14355972,0,22.36067978,11,20.88061302,179,75.21967828,5,21.54065923,15,24.8394847,0,22.36067978,72,49.34571917,0,22.36067978,0,22.36067978,87,64.16385275,138,62.6019169,350,68.08083431,108,51.19570294,0,22.36067978,0,22.36067978,108,51.19570294,0,22.36067978,0,22.36067978,242,52.65928218,0,22.36067978,91,35.19943181,43,23.32380758,35,24.12467616,0,22.36067978,7,22.36067978,66,27.40437921,0,22.36067978
Homewood South,42,2276,320.0687426,555,170.997076,496,169.1212583,115,96.05206921,7,24.49489743,0,24.49489743,374,146.4718403,0,24.49489743,0,24.49489743,33,34.84250278,0,24.49489743,0,24.49489743,27,33.55592347,0,24.49489743,0,24.49489743,6,24.49489743,26,35.11409973,545,130.946554,360,99.61425601,175,68.2202316,14,30.6757233,0,24.49489743,171,70.73895674,0,24.49489743,0,24.49489743,19,26.92582404,0,24.49489743,0,24.49489743,9,23.74868417,0,24.49489743,10,26.38181192,0,24.49489743,166,67.82329983,665,131.5978723,468,106.8316433,235,74.49832213,34,26.34387974,20,22.02271555,179,71.63099888,0,24.49489743,0,24.49489743,102,46.27094121,4,23.43074903,5,24.10394159,0,24.49489743,28,28.60069929,0,24.49489743,14,32.07802986,51,34.24908758,95,48.70318265,511,96.40020747,109,45.08880127,6,24.10394159,0,24.49489743,103,45.29900661,0,24.49489743,0,24.49489743,402,92.51486367,0,24.49489743,62,48.47679857,55,33.9705755,140,65.00769185,0,24.49489743,20,31.36877428,125,46.72258554,0,24.49489743
Homewood West,43,850,229.1396954,140,100.7223908,122,92.96235797,0,14.14213562,6,12.80624847,0,14.14213562,116,92.96235797,0,14.14213562,0,14.14213562,18,29.73213749,0,14.14213562,0,14.14213562,18,29.73213749,0,14.14213562,0,14.14213562,0,14.14213562,0,14.14213562,196,85.21150157,67,53.60037313,23,33.52610923,0,14.14213562,0,14.14213562,44,44.14748011,0,14.14213562,0,14.14213562,56,48.27007354,0,14.14213562,0,14.14213562,36,38.32753579,0,14.14213562,0,14.14213562,20,32.57299495,73,54.91812087,276,77.1038261,221,69.20260111,99,57.7754273,5,12.80624847,0,14.14213562,116,48.7954916,0,14.14213562,1,10.77032961,14,14.2126704,0,14.14213562,0,14.14213562,0,14.14213562,3,11.66190379,0,14.14213562,0,14.14213562,11,12.04159458,41,34.88552709,238,67.06713055,98,56.04462508,18,26.92582404,3,11.18033989,77,47.4341649,0,14.14213562,0,14.14213562,140,52.92447449,0,14.14213562,16,17.20465053,29,23.32380758,55,29.54657341,0,14.14213562,0,14.14213562,40,26.07680962,0,14.14213562
Knoxville,44,4255,842.565131,1434,480.5496853,1208,432.6881094,256,161.3722405,0,24.49489743,0,24.49489743,952,415.6188157,0,24.49489743,0,24.49489743,158,177.6682301,0,24.49489743,0,24.49489743,0,24.49489743,0,24.49489743,0,24.49489743,158,177.6682301,68,69.8641539,1152,317.9496816,791,240.2810854,329,154.1298154,6,24.91987159,0,24.49489743,456,229.4493408,0,24.49489743,0,24.49489743,24,39.03844259,0,24.49489743,0,24.49489743,0,24.49489743,0,24.49489743,0,24.49489743,24,39.03844259,337,158,1272,260.3401621,972,232.4715036,606,186.1558487,13,23.91652149,48,42.16633728,305,169.2749243,0,24.49489743,0,24.49489743,141,98.06120538,23,32.93933818,8,26.92582404,0,24.49489743,53,63.40346994,0,24.49489743,0,24.49489743,57,70.71774883,159,87.44140895,397,117.7624728,109,67.58698099,0,24.49489743,0,24.49489743,109,67.58698099,0,24.49489743,0,24.49489743,288,101.4199191,0,24.49489743,14,30.6757233,129,72.44998275,90,56.5154846,0,24.49489743,13,29.3428015,42,42.95346319,0,24.49489743
Larimer,45,1493,296.3275215,388,167.3170643,365,167.6722994,155,101.0989614,10,23.57965225,0,20,200,138.6722755,0,20,0,20,20,27.45906044,4,18.02775638,0,20,0,20,0,20,0,20,16,28.7923601,3,18.02775638,302,112.1383075,210,101.2077072,118,83.88682853,6,20,0,20,86,59.38013136,0,20,0,20,41,33,12,19.07878403,0,20,25,30.39736831,0,20,0,20,4,18.33030278,51,39.58535083,482,84.69356528,280,66.61080993,149,50.05996404,25,19.74841766,6,15.87450787,100,45.45327271,0,20,0,20,59,37.85498646,0,20,5,18.68154169,0,20,11,24.97999199,0,20,5,15.87450787,38,33.89690251,143,43.46262762,321,75.69015788,86,42.03569911,4,18.33030278,0,20,82,41.49698784,0,20,0,20,235,64.34283177,0,20,49,27.23967694,69,40.76763422,49,36.57868232,0,20,11,16.15549442,57,31.46426545,0,20
Lincoln Place,46,3499,484.2427077,646,202.7831354,634,202.1435134,444,161.3443522,101,127.8749389,0,22.36067978,89,64.69930448,0,22.36067978,0,22.36067978,12,26.2488095,0,22.36067978,0,22.36067978,0,22.36067978,0,22.36067978,0,22.36067978,12,26.2488095,0,22.36067978,667,228.2323378,452,171.4292857,369,168.4577098,72,50.36864104,0,22.36067978,11,26.90724809,0,22.36067978,0,22.36067978,49,44.06812907,0,22.36067978,0,22.36067978,31,41,0,22.36067978,0,22.36067978,18,27.58622845,166,106.0660172,1545,246.937239,1251,226.9779725,968,197.1750491,208,97.04638066,22,39.44616585,30,25.70992026,6,22.36067978,17,25.86503431,164,75.26619427,8,22.82542442,0,22.36067978,7,22.36067978,56,50.12983144,0,22.36067978,0,22.36067978,93,54.53439282,130,69.18092223,641,126.0436432,147,72.60165287,16,25,0,22.36067978,131,70.9929574,0,22.36067978,0,22.36067978,494,110.3267873,10,25.61249695,203,78.79086241,211,87.45284444,16,24.24871131,0,22.36067978,0,22.36067978,54,32.49615362,0,22.36067978
Lincoln-Lemington-Belmar,47,4643,444.5953216,916,187.8616512,628,167.7498137,166,91.07140056,43,40.06245125,0,24.49489743,419,163.2023284,0,24.49489743,0,24.49489743,230,124.7557614,13,31.36877428,0,24.49489743,10,23.02172887,0,24.49489743,0,24.49489743,207,122.9268075,58,51.0881591,1210,260.9271929,770,170.9356604,370,115.8015544,82,57.13142743,0,24.49489743,318,107.2567014,0,24.49489743,0,24.49489743,133,81.62107571,16,22.36067978,0,24.49489743,14,31.36877428,0,24.49489743,0,24.49489743,103,77.16864648,307,174.4706279,1772,206.1334519,1075,185.0702569,603,122.5683483,90,64.08587988,65,51.86520992,270,95.57719393,6,24.10394159,41,48.70318265,358,105.3470455,37,38.94868419,0,24.49489743,6,24.10394159,133,73.67496183,0,24.49489743,13,29.3428015,169,68.19824045,339,93.75499987,745,107.4057727,186,62.99206299,15,25.96150997,0,24.49489743,171,59.56509045,0,24.49489743,0,24.49489743,559,89.77193325,0,24.49489743,126,46.62617291,83,37.22902094,113,58.21511831,0,24.49489743,40,29.63106478,197,51.41011574,0,24.49489743
Lower Lawrenceville,48,2572,389.9794866,420,289.6894889,393,291.2541845,126,92.65527508,0,14.14213562,0,14.14213562,267,281.625638,0,14.14213562,0,14.14213562,27,33.24154028,0,14.14213562,0,14.14213562,0,14.14213562,0,14.14213562,0,14.14213562,27,33.24154028,0,14.14213562,1010,187.2004274,820,164.2589419,588,154.0519393,128,69.42621983,0,14.14213562,104,70.17834424,0,14.14213562,0,14.14213562,82,62.29767251,58,59.66573556,0,14.14213562,0,14.14213562,0,14.14213562,0,14.14213562,24,29.96664813,108,71.06335202,770,164.3045952,572,122.2865487,349,97.20082304,67,47.70744177,23,24.16609195,123,61.58733636,0,14.14213562,10,18.86796226,115,51.66236541,0,14.14213562,20,33.52610923,0,14.14213562,17,17.69180601,0,14.14213562,0,14.14213562,78,41.18252056,83,60.08327554,372,92.6984358,55,40.31128874,3,12.20655562,0,14.14213562,52,40.31128874,0,14.14213562,0,14.14213562,317,84.95881355,0,14.14213562,87,48.76474136,115,51.0881591,16,17.20465053,0,14.14213562,0,14.14213562,99,46.86149806,0,14.14213562
Manchester,49,1944,257.0992026,290,81.68843247,276,80.21221852,150,89.1571646,20,33.52610923,0,14.14213562,106,70.32780389,0,14.14213562,0,14.14213562,14,20.80865205,8,19.72308292,0,14.14213562,6,15.62049935,0,14.14213562,0,14.14213562,0,14.14213562,0,14.14213562,622,175.931805,444,136.1800279,380,126.4001582,46,44.14748011,1,10.19803903,17,26.92582404,0,14.14213562,0,14.14213562,26,25.07987241,18,30.6757233,0,14.14213562,7,17.20465053,0,14.14213562,0,14.14213562,1,10.19803903,152,73.59347797,782,130.0961183,570,114.621115,318,90.21086409,79,50,10,16.40121947,108,63.5688603,0,14.14213562,55,49.40647731,128,53.75872022,24,22.6715681,0,14.14213562,15,23.2594067,63,41.0487515,0,14.14213562,0,14.14213562,26,27.85677655,84,55.80322571,250,76.69419796,141,64.41273166,0,14.14213562,0,14.14213562,141,64.41273166,0,14.14213562,0,14.14213562,109,48.37354649,0,14.14213562,29,29.69848481,0,14.14213562,17,18.43908891,0,14.14213562,9,16.40121947,54,35.44009029,0,14.14213562
Marshall-Shadeland,50,4060,634.6518731,1018,313.1820557,911,310.552733,135,76.53103945,35,47.42362281,11,25.61249695,730,281.7907025,0,22.36067978,0,22.36067978,48,52.65928218,27,49.24428901,0,22.36067978,0,22.36067978,0,22.36067978,0,22.36067978,21,28.16025568,59,78.46655338,1166,235.8346879,838,209.6926322,545,182.5760116,30,28.80972058,0,22.36067978,248,110.788086,15,31.2409987,0,22.36067978,57,49.989999,29,47.42362281,0,22.36067978,2,20.88061302,0,22.36067978,6,21.9317122,20,24.37211521,271,135.9227722,1392,226.5943512,953,195.0538387,704,175.3938425,73,38.75564475,12,33.60059523,150,64.49030935,0,22.36067978,14,29.73213749,223,66.58828726,62,45.21061822,12,26.90724809,12,27.58622845,41,32.75667871,0,22.36067978,0,22.36067978,96,48.36320916,216,84.70537173,484,111.8704608,69,39.66106403,22,26.92582404,0,22.36067978,47,34.3074336,0,22.36067978,0,22.36067978,415,102.2936948,0,22.36067978,65,37.54996671,172,71.51223672,72,52.82045059,0,22.36067978,8,23.32380758,98,44.87761134,0,22.36067978
Middle Hill,51,1755,286.5623841,211,105.2093152,201,104.2209192,65,53.71219601,12,23.68543856,0,17.32050808,124,77.18160403,0,17.32050808,0,17.32050808,5,15.77973384,5,15.77973384,0,17.32050808,0,17.32050808,0,17.32050808,0,17.32050808,0,17.32050808,5,16.24807681,450,134.1976155,342,115.6805947,135,65.22269544,88,64.69930448,0,17.32050808,112,61.20457499,7,18.54723699,0,17.32050808,18,17.8325545,6,16.24807681,0,17.32050808,12,15.77973384,0,17.32050808,0,17.32050808,0,17.32050808,90,52.89612462,719,171.0146193,495,148.8925787,266,99.32270637,58,51.82663408,5,16.76305461,166,94.30800602,0,17.32050808,0,17.32050808,134,54.81788029,17,17.54992877,0,17.32050808,0,17.32050808,41,27.80287755,5,15.77973384,0,17.32050808,71,48.92851929,90,40.47221269,375,93.31666518,131,72.14568594,7,15.77973384,0,17.32050808,124,72.92461861,0,17.32050808,0,17.32050808,241,64.57553716,0,17.32050808,3,15,26,17.72004515,125,41.47288271,0,17.32050808,31,33.1662479,56,27.92848009,3,15
Morningside,52,3262,378.7888594,519,167.9910712,467,163.4961773,343,148.145199,10,24.2693222,0,20,114,86.38865666,0,20,0,20,42,48.13522619,0,20,0,20,0,20,0,20,0,20,42,48.13522619,10,22.91287847,885,198.969847,723,174.7197756,563,144.1353531,71,73.430239,0,20,81,72.9725976,0,20,8,21.65640783,0,20,0,20,0,20,0,20,0,20,0,20,0,20,162,85.28188553,1304,170.091152,1011,150.3662196,832,143.5235172,72,58.42944463,32,28.53068524,52,36.7559519,8,21.65640783,15,21.84032967,126,64.20280368,7,20.51828453,0,20,0,20,28,28.93095228,0,20,9,22.27105745,82,58.14636704,167,76.43297718,554,109.9136024,154,61.2780548,0,20,0,20,154,61.2780548,0,20,0,20,400,101.1582918,0,20,101,59.94997915,100,46.78675026,78,44.83302354,0,20,10,22.91287847,111,47.96873982,0,20
Mount Oliver Borough,53,3399,462.9611215,840,252.2102298,778,239.956246,104,95.59288676,12,25.70992026,0,20,662,223.3338308,0,20,0,20,21,35.51056181,0,20,0,20,0,20,0,20,0,20,21,35.51056181,41,66.15889963,1053,221.6619047,732,188.3241886,360,130.1345458,41,33.60059523,0,20,306,129.6880873,25,43.58898944,0,20,23,29.59729717,0,20,0,20,0,20,9,23.57965225,0,20,14,25.70992026,298,100.7472084,1187,190.0289452,842,171.8749545,360,105.7497045,120,77.28518616,49,39.35733731,284,101.970584,18,22.27105745,11,24.2693222,143,61.43289021,7,20.51828453,10,22.91287847,0,20,51,40.57092555,0,20,0,20,75,37.06750599,202,90.21086409,319,101.3804715,84,51.35172831,0,20,0,20,84,51.35172831,0,20,0,20,235,91.73330911,0,20,53,45,83,57.28874235,64,64.50581369,0,20,0,20,35,31.11269837,0,20
Mount Washington,54,8719,613.1582178,962,216.8570958,854,209.2247595,389,151.0562809,0,30,0,30,465,158.2908715,0,30,0,30,66,66.73080248,0,30,0,30,0,30,0,30,0,30,66,66.73080248,42,36.30426972,3820,462.7807256,3022,418.0681763,2349,375.2732338,324,143.0524379,5,29.68164416,321,107.7961038,23,38.41874542,0,30,148,74.76630257,58,51.75905718,0,30,47,47.51841748,21,45.78209257,0,30,22,33.9411255,650,167.0299374,2581,257.5014563,2014,235.350802,1459,214.0373799,184,66.88796603,23,36.82390528,314,114.6385624,0,30,34,50.84289528,228,77.1362431,62,44.62062303,30,37.16180835,0,30,59,46.36809248,0,30,18,39.79949748,59,46.55104725,339,96.93296653,1356,153.7010085,266,92.8116372,10,32.01562119,0,30,237,87.91473142,0,30,19,41.96427052,1090,149.2179614,0,30,173,62.96030495,488,119.6536669,82,52.83937925,0,30,0,30,347,89.509776,0,30
Mt. Oliver,55,598,138,120,59,92,63,30,43,0,10,0,10,62,40,0,10,0,10,28,34,0,10,0,10,0,10,0,10,0,10,28,34,0,10,155,62,99,52,77,56,0,10,0,10,22,19,0,10,0,10,0,10,0,10,0,10,0,10,0,10,0,10,0,10,56,39,261,84,213,74,181,70,8,8,0,10,24,20,0,10,0,10,17,21,0,10,0,10,0,10,0,10,0,10,0,10,17,21,31,28,62,25,0,10,0,10,0,10,0,10,0,10,0,10,62,25,0,10,13,12,17,15,0,10,0,10,5,7,27,20,0,10
New Homestead,56,973,105,211,43,208,38,183,41,0,10,5,7,20,19,0,10,0,10,3,7,0,10,0,10,0,10,0,10,0,10,3,7,0,10,132,45,127,44,114,40,3,6,0,10,10,13,0,10,0,10,0,10,0,10,0,10,0,10,0,10,0,10,0,10,5,8,451,53,422,55,395,63,2,5,12,12,13,17,0,10,0,10,23,24,0,10,0,10,8,11,0,10,3,10,0,10,12,13,6,10,179,35,62,43,12,18,0,10,50,37,0,10,0,10,117,47,0,10,65,33,20,19,4,7,0,10,0,10,28,17,0,10
North Oakland,57,9593,627.6232947,315,209.5781477,315,209.5781477,161,116.8332145,39,40.6939799,0,24.49489743,115,170.2498164,0,24.49489743,0,24.49489743,0,24.49489743,0,24.49489743,0,24.49489743,0,24.49489743,0,24.49489743,0,24.49489743,0,24.49489743,0,24.49489743,7334,554.1344602,6823,544.4106906,5124,495.9899193,1496,267.8264363,0,24.49489743,176,84.86459804,27,44.02272141,0,24.49489743,313,133.2891593,218,112.8095741,0,24.49489743,0,24.49489743,33,44.95553359,0,24.49489743,62,55.15432893,198,80.43631021,785,189.5019789,593,173.4906338,327,109.3892134,120,116.8973909,40,44.92215489,86,72.12489168,0,24.49489743,20,38.22302971,130,67.37210105,18,32.80243893,0,24.49489743,0,24.49489743,37,35.31288717,0,24.49489743,3,23.43074903,72,57.52390807,62,52.13444159,1159,167.2214101,356,144.1353531,9,23.85372088,0,24.49489743,347,142.9825164,0,24.49489743,0,24.49489743,803,135.7718675,0,24.49489743,158,69.73521349,233,89.88882022,52,47.67598976,0,24.49489743,11,30,349,109.2977584,0,24.49489743
North Shore,58,205,66.75327707,12,20.59126028,12,20.59126028,0,14.14213562,12,20.59126028,0,14.14213562,0,14.14213562,0,14.14213562,0,14.14213562,0,14.14213562,0,14.14213562,0,14.14213562,0,14.14213562,0,14.14213562,0,14.14213562,0,14.14213562,0,14.14213562,116,50.009999,98,47.07440918,98,47.07440918,0,14.14213562,0,14.14213562,0,14.14213562,0,14.14213562,0,14.14213562,0,14.14213562,0,14.14213562,0,14.14213562,0,14.14213562,0,14.14213562,0,14.14213562,0,14.14213562,18,29.73213749,70,50.009999,70,50.009999,70,50.009999,0,14.14213562,0,14.14213562,0,14.14213562,0,14.14213562,0,14.14213562,0,14.14213562,0,14.14213562,0,14.14213562,0,14.14213562,0,14.14213562,0,14.14213562,0,14.14213562,0,14.14213562,0,14.14213562,7,15.62049935,7,15.62049935,0,14.14213562,0,14.14213562,7,15.62049935,0,14.14213562,0,14.14213562,0,14.14213562,0,14.14213562,0,14.14213562,0,14.14213562,0,14.14213562,0,14.14213562,0,14.14213562,0,14.14213562,0,14.14213562
Northview Heights,59,1545,299,708,229,639,215,32,59,21,30,0,10,586,213,0,10,0,10,64,55,0,10,0,10,58,54,0,10,0,10,6,10,5,8,489,138,295,97,8,15,5,8,0,10,282,98,0,10,0,10,7,10,0,10,0,10,7,10,0,10,0,10,0,10,187,101,243,86,137,65,44,38,16,15,0,10,77,56,0,10,0,10,50,37,0,10,0,10,0,10,23,30,0,10,0,10,27,22,56,45,105,44,25,21,0,10,0,10,21,16,0,10,4,8,80,38,0,10,0,10,16,15,46,36,0,10,0,10,18,16,0,10
Oakwood,60,1058,147,147,61,124,54,57,36,0,10,0,10,67,48,0,10,0,10,19,30,0,10,0,10,0,10,0,10,0,10,19,30,4,11,318,94,215,78,201,78,8,9,0,10,6,10,0,10,0,10,22,23,0,10,0,10,0,10,0,10,0,10,22,23,81,43,399,83,288,63,217,57,27,15,5,8,39,22,0,10,0,10,53,30,5,7,0,10,6,8,33,24,9,14,0,10,0,10,58,58,194,38,48,26,6,9,0,10,42,24,0,10,0,10,146,38,0,10,31,28,61,32,16,14,0,10,0,10,38,22,0,10
Overbrook,61,3587,327.0321085,620,165.5264329,486,145.5266299,206,78.69561614,0,22.36067978,0,22.36067978,280,142.5482374,0,22.36067978,0,22.36067978,21,25.29822128,0,22.36067978,0,22.36067978,0,22.36067978,4,20.88061302,0,22.36067978,17,24.24871131,113,84.13085047,817,161.139691,560,138.5640646,423,106.6677083,59,39.30648801,0,22.36067978,78,56.69215113,0,22.36067978,0,22.36067978,21,21.9089023,4,20.88061302,0,22.36067978,0,22.36067978,0,22.36067978,0,22.36067978,17,23.32380758,236,90.49309366,1468,183.8912722,1205,160.3028384,941,146.6594695,71,31.35283081,27,25.23885893,162,75.2329715,4,20.88061302,0,22.36067978,83,52.28766585,5,21.9317122,6,21.9317122,10,23.32380758,35,49.40647731,8,23.85372088,4,21.1896201,15,19.46792233,180,81.78630692,682,90.71383577,115,45.01110974,10,25,0,22.36067978,105,42.40283009,0,22.36067978,0,22.36067978,567,89.58794562,0,22.36067978,185,57.95688052,171,49.2138192,29,21.47091055,0,22.36067978,10,20.42057786,172,54.13871073,0,22.36067978
Perry North,62,3744,399.0137842,640,170.58429,628,169.9176271,422,135.3033629,0,24.49489743,0,24.49489743,206,111.4899099,0,24.49489743,0,24.49489743,12,24.53568829,0,24.49489743,0,24.49489743,0,24.49489743,0,24.49489743,0,24.49489743,12,24.53568829,0,24.49489743,957,186.1343601,791,169.3192251,641,155.3673067,44,26.88865932,5,23.74868417,94,59.94997915,7,25.37715508,0,24.49489743,46,32.75667871,9,25.86503431,0,24.49489743,9,27.49545417,0,24.49489743,0,24.49489743,28,27.74887385,120,73.17103252,1693,199.4692959,1424,178.9636835,1151,172.4789842,73,37.38983819,46,38.0394532,142,67.38694236,0,24.49489743,12,24.10394159,92,45.76024475,12,23.02172887,19,35.83294573,0,24.49489743,0,24.49489743,5,23.43074903,0,24.49489743,56,36.49657518,177,76.78541528,454,82.81304245,107,46.24932432,24,33.2565783,0,24.49489743,83,44.17012565,0,24.49489743,0,24.49489743,347,74.27651042,0,24.49489743,116,58.70264049,71,36.05551275,84,52.15361924,0,24.49489743,5,23.43074903,71,37.33630941,0,24.49489743
Perry South,63,3288,478.6491408,829,314.8348774,771,314.2260333,112,115.5032467,17,28.28427125,0,24.49489743,642,294.8118044,0,24.49489743,0,24.49489743,42,46.31414471,0,24.49489743,0,24.49489743,0,24.49489743,8,26.38181192,0,24.49489743,34,45.26588119,16,29.18903904,701,161.5735127,612,152.8855781,274,121.1239035,49,50.60632372,0,24.49489743,289,98.12237258,0,24.49489743,0,24.49489743,0,24.49489743,0,24.49489743,0,24.49489743,0,24.49489743,0,24.49489743,0,24.49489743,0,24.49489743,89,59.05082557,1193,211.5065011,720,150.9933773,501,123.8709005,27,26.87005769,66,69.47661477,126,61.2780548,0,24.49489743,0,24.49489743,255,85.83705494,46,35.83294573,18,36.61966685,0,24.49489743,77,55.91064299,36,36.78314832,0,24.49489743,78,44.23799272,218,83.82720322,565,106.2026365,119,49.81967483,13,29.3428015,0,24.49489743,106,44.97777229,0,24.49489743,0,24.49489743,443,98.23950326,0,24.49489743,90,52.35456045,75,47.57099957,163,80.61017306,0,24.49489743,0,24.49489743,115,45.12205669,3,22.71563338
Point Breeze,64,5414,333.9550868,1043,164.1432301,988,161.5147052,814,155.3093687,89,45.5521679,0,26.45751311,85,55.12712581,0,26.45751311,0,26.45751311,45,39.05124838,16,35,0,26.45751311,0,26.45751311,0,26.45751311,0,26.45751311,29,31.6227766,10,29.25747768,1170,186.7217181,1056,181.5957048,879,159.6715379,139,57.09640969,0,26.45751311,38,35.58089375,0,26.45751311,0,26.45751311,55,45.475268,42,43.05810028,0,26.45751311,0,26.45751311,0,26.45751311,0,26.45751311,13,27.27636339,59,48.63126566,2323,198.4540249,2084,182.9863383,1791,179.8971929,213,69.87846592,32,37.42993454,48,35.22782991,0,26.45751311,0,26.45751311,138,67.77905281,73,58.89821729,8,27.73084925,0,26.45751311,13,25,7,26.85144316,0,26.45751311,37,35,101,60.90155991,878,134.3949404,228,65.7190992,30,25.17935662,5,25.76819745,193,63.30086887,0,26.45751311,0,26.45751311,650,124.647503,0,26.45751311,306,89.6883493,214,74.11477585,10,28.72281323,0,26.45751311,8,27.73084925,112,54.76312628,0,26.45751311
Point Breeze North,65,1714,256.1932864,127,85.56868586,127,85.56868586,68,54.18486874,8,21.3541565,11,23.68543856,40,46.27094121,0,17.32050808,0,17.32050808,0,17.32050808,0,17.32050808,0,17.32050808,0,17.32050808,0,17.32050808,0,17.32050808,0,17.32050808,0,17.32050808,693,175.9857949,610,164.3258957,449,127.3930924,105,68.97825744,0,17.32050808,56,56.82429058,0,17.32050808,0,17.32050808,50,52.21110993,18,21.65640783,0,17.32050808,0,17.32050808,0,17.32050808,0,17.32050808,32,50.03998401,33,32.93933818,696,175.9033826,483,138.6578523,390,133.6899398,76,47.94788838,7,18.54723699,10,23.68543856,0,17.32050808,0,17.32050808,89,81.82909018,46,45.38722287,0,17.32050808,0,17.32050808,0,17.32050808,0,17.32050808,43,70.43436661,0,17.32050808,124,98.85848471,198,97.18024491,60,42.42640687,9,19.89974874,0,17.32050808,51,40.09987531,0,17.32050808,0,17.32050808,138,88.82004278,0,17.32050808,69,36.95943723,12,19.94993734,52,80.25584091,0,17.32050808,0,17.32050808,5,13.15294644,0,17.32050808
Polish Hill,66,1331,174.3158054,95,33.01514804,88,33.01514804,53,30.47950131,11,17.20465053,0,14.14213562,24,19.23538406,0,14.14213562,0,14.14213562,7,14.14213562,0,14.14213562,0,14.14213562,0,14.14213562,0,14.14213562,0,14.14213562,7,14.14213562,0,14.14213562,489,151.4331536,327,130.3840481,252,112.8051417,32,22.47220505,0,14.14213562,43,33.52610923,0,14.14213562,0,14.14213562,4,11.66190379,0,14.14213562,0,14.14213562,0,14.14213562,4,11.66190379,0,14.14213562,0,14.14213562,158,74.27651042,544,94.20191081,413,77.15568676,287,73.75635566,86,34.13209633,4,12.20655562,36,22.36067978,0,14.14213562,0,14.14213562,52,27.01851217,28,21.47091055,0,14.14213562,6,13.45362405,12,15.62049935,0,14.14213562,0,14.14213562,6,13.45362405,79,53.07541804,203,44.40720662,53,37,0,14.14213562,20,32.57299495,33,19.20937271,0,14.14213562,0,14.14213562,150,36.76955262,0,14.14213562,29,19.10497317,62,27.80287755,27,19.79898987,0,14.14213562,5,12.80624847,27,19.20937271,0,14.14213562
Regent Square,67,1033,101,213,53,213,53,184,56,11,18,0,10,18,24,0,10,0,10,0,10,0,10,0,10,0,10,0,10,0,10,0,10,0,10,243,49,243,49,183,48,34,26,0,10,26,27,0,10,0,10,0,10,0,10,0,10,0,10,0,10,0,10,0,10,0,10,379,73,341,73,271,74,49,33,7,10,14,15,0,10,0,10,16,17,7,11,0,10,0,10,0,10,0,10,0,10,9,13,22,21,198,52,54,30,4,8,0,10,50,29,0,10,0,10,144,46,0,10,34,26,84,37,0,10,0,10,5,7,21,15,0,10
Ridgemont,68,314,109,37,44,37,44,9,14,0,10,0,10,0,10,28,42,0,10,0,10,0,10,0,10,0,10,0,10,0,10,0,10,0,10,66,36,66,36,66,36,0,10,0,10,0,10,0,10,0,10,0,10,0,10,0,10,0,10,0,10,0,10,0,10,0,10,135,67,115,64,80,50,32,46,3,4,0,10,0,10,0,10,6,9,0,10,0,10,0,10,0,10,0,10,0,10,6,9,14,20,76,48,7,9,0,10,0,10,7,9,0,10,0,10,69,47,0,10,25,31,18,28,0,10,0,10,5,8,21,23,0,10
Shadyside,69,13194,862.1020821,840,191.9843744,744,167.0987732,578,154.4668249,101,72.00694411,0,37.41657387,65,65.83312236,0,37.41657387,0,37.41657387,96,99.38812806,75,94.62557794,0,37.41657387,0,37.41657387,21,48.20788317,0,37.41657387,0,37.41657387,0,37.41657387,8107,730.7017175,7214,646.9737244,5539,559.6722255,1607,346.0462397,0,37.41657387,68,63.98437309,0,37.41657387,0,37.41657387,425,161.2854612,349,152.8855781,0,37.41657387,1,36.11094017,42,53.94441584,0,37.41657387,33,43.33589736,468,185.4723699,3008,373.9358234,2561,340.8768106,2069,294.4707116,394,161.6910635,11,37.57658846,79,60.76183012,0,37.41657387,8,38,306,128.3354978,157,110.3131905,12,40.75536774,11,38.80721582,31,49.50757518,11,39.44616585,0,37.41657387,84,59.53990259,141,106.0660172,1239,216.7902212,373,134.3093444,71,52.59277517,12,40.29888336,290,127.4990196,0,37.41657387,0,37.41657387,866,177.7329457,0,37.41657387,273,109.795264,333,110.6887528,30,46.10856753,0,37.41657387,8,38,222,78.37091297,0,37.41657387
Sheraden,70,5684,740.8508622,1594,467.1402359,1502,464.5503202,472,195.4430863,39,38.26225294,0,24.49489743,991,442.0916195,0,24.49489743,0,24.49489743,68,61.23724357,0,24.49489743,0,24.49489743,14,30,0,24.49489743,0,24.49489743,54,50.0999002,24,44.09081537,1244,290.0103446,938,270.5217182,423,179.6134739,60,63.03173804,0,24.49489743,455,211.2676028,0,24.49489743,0,24.49489743,51,38.28837944,18,29.3428015,0,24.49489743,14,30,0,24.49489743,0,24.49489743,19,30.08321791,255,122.4785696,2242,256.1581543,1767,223.5195741,1298,208.5545492,96,71.10555534,29,33.54101966,304,114.5512986,17,32.80243893,23,32.01562119,227,104.4222199,9,25.86503431,0,24.49489743,16,34.2928564,59,52.78257288,0,24.49489743,11,26.92582404,132,85.95929269,248,112.1383075,604,115.3386319,204,68.77499546,16,27.74887385,0,24.49489743,188,67.09694479,0,24.49489743,0,24.49489743,395,102.8007782,0,24.49489743,104,58.35237784,145,59,49,42,0,24.49489743,3,23.43074903,94,53.97221507,5,23.74868417
South Oakland,71,2872,513.4685969,224,127.5617498,143,95.61903576,121,85.78461401,0,20,0,20,22,33.95585369,0,20,0,20,81,68.93475176,0,20,0,20,68,66.09084657,0,20,0,20,13,28,0,20,1792,450.6717209,1666,440.3861942,1147,389.6960354,515,240.7239082,0,20,4,19.5192213,0,20,0,20,36,31.6227766,17,26.45751311,0,20,19,26.45751311,0,20,0,20,0,20,90,68.32276341,585,149.1777463,418,122.5479498,279,113.1945228,73,69.46221995,0,20,57,41.24318125,0,20,9,22.91287847,96,59.41380311,25,36.24913792,0,20,0,20,21,32.92415527,0,20,0,20,50,39.42080669,71,57.97413216,271,83.79140767,40,36.55133377,8,21.65640783,0,20,32,34.3074336,0,20,0,20,231,77.23341246,0,20,24,30.7408523,118,67.09694479,12,24.97999199,0,20,8,22.91287847,69,39.1535439,0,20
South Shore,72,12,14,0,10,0,10,0,10,0,10,0,10,0,10,0,10,0,10,0,10,0,10,0,10,0,10,0,10,0,10,0,10,0,10,8,13,8,13,8,13,0,10,0,10,0,10,0,10,0,10,0,10,0,10,0,10,0,10,0,10,0,10,0,10,0,10,4,6,4,6,4,6,0,10,0,10,0,10,0,10,0,10,0,10,0,10,0,10,0,10,0,10,0,10,0,10,0,10,0,10,0,10,0,10,0,10,0,10,0,10,0,10,0,10,0,10,0,10,0,10,0,10,0,10,0,10,0,10,0,10,0,10
South Side Flats,73,6272,748.6334216,266,130.1921657,241,128.7012043,196,131.7763256,11,27.49545417,0,24.49489743,34,42.35563717,0,24.49489743,0,24.49489743,25,32.64965543,15,30.6757233,0,24.49489743,0,24.49489743,0,24.49489743,0,24.49489743,10,26.92582404,0,24.49489743,3623,696.949783,3211,688.3305892,2785,661.4332922,344,162.4561479,0,24.49489743,72,48.15599651,10,28.08914381,0,24.49489743,108,79.98749902,89,77.88452991,0,24.49489743,0,24.49489743,0,24.49489743,0,24.49489743,19,29.15475947,304,126.0952021,1629,264.5430022,1427,255.4114328,1185,249.365194,129,66.48308055,8,25.86503431,95,69.34695379,0,24.49489743,10,27.49545417,86,56.5154846,27,35.22782991,0,24.49489743,10,27.49545417,16,26.70205985,0,24.49489743,25,39.86226286,8,25.86503431,116,70.59745038,754,135.7203006,149,65.13063795,29,31.17691454,0,24.49489743,120,62.78534861,0,24.49489743,0,24.49489743,605,133.0375887,0,24.49489743,101,57.17516944,161,73.47108275,140,84.27929758,0,24.49489743,3,24.10394159,200,76.72678802,0,24.49489743
South Side Slopes,74,4583,516.2634986,433,156.36176,356,148.4856895,156,82.17055434,0,26.45751311,0,26.45751311,200,127.6166133,0,26.45751311,0,26.45751311,37,39.96248241,0,26.45751311,0,26.45751311,0,26.45751311,7,27.73084925,0,26.45751311,30,32.86335345,40,49.2138192,2090,344.5214072,1722,307.0781659,1355,281.8989181,174,84.20213774,0,26.45751311,177,103.7737925,0,26.45751311,16,35,43,44.07947368,36,43.57751714,0,26.45751311,0,26.45751311,0,26.45751311,0,26.45751311,7,27.27636339,325,137.669895,1590,260.1768629,1159,215.0860293,769,178.5749143,174,92.07062507,0,26.45751311,205,97.74968031,0,26.45751311,11,29.25747768,191,69.95712973,0,26.45751311,29,39.94996871,8,26.85144316,44,37.13488926,0,26.45751311,0,26.45751311,110,57,240,132.5292421,470,103.4456379,119,55.81218505,5,26.0959767,6,26.0959767,108,54.4334456,0,26.45751311,0,26.45751311,351,95.29428105,0,26.45751311,89,58.77074102,76,39.54743987,49,32.40370349,0,26.45751311,24,31.84336666,113,49.45705208,0,26.45751311
Spring Garden,75,833,151.5585695,126,39.59797975,119,39.59797975,50,33.52610923,0,14.14213562,0,14.14213562,69,41.23105626,0,14.14213562,0,14.14213562,7,14.86606875,0,14.14213562,0,14.14213562,0,14.14213562,0,14.14213562,0,14.14213562,7,14.86606875,0,14.14213562,209,69.89277502,158,61.74139616,89,47.07440918,12,15.62049935,0,14.14213562,57,32.20248438,0,14.14213562,0,14.14213562,24,20.80865205,0,14.14213562,0,14.14213562,8,15.62049935,8,15.62049935,0,14.14213562,8,15.62049935,27,20.59126028,368,88.23264702,227,64.44377394,141,53.00943312,27,23.2594067,13,16.55294536,46,24.75883681,0,14.14213562,0,14.14213562,76,60.92618485,0,14.14213562,0,14.14213562,0,14.14213562,62,58.52349955,0,14.14213562,0,14.14213562,14,15.62049935,65,34.20526275,130,40.49691346,16,15.65247584,0,14.14213562,0,14.14213562,16,15.65247584,0,14.14213562,0,14.14213562,114,38.58756276,0,14.14213562,42,26.41968963,35,22.47220505,4,11.66190379,0,14.14213562,0,14.14213562,33,23.32380758,0,14.14213562
Spring Hill-City View,76,2363,424.3936852,743,319.8749756,676,307.0195434,85,58.9067059,16,33.1662479,0,17.32050808,563,296.3055855,12,23.68543856,0,17.32050808,55,51.51698749,8,18.54723699,0,17.32050808,10,22.89104628,0,17.32050808,0,17.32050808,37,47.63402146,12,17.91647287,505,153.352535,420,141.007092,160,85.84870413,18,24.49489743,0,17.32050808,242,128.580714,0,17.32050808,0,17.32050808,47,49.04079934,8,18.54723699,0,17.32050808,0,17.32050808,0,17.32050808,7,19.20937271,32,41.15823125,38,31.06444913,781,157.2100506,580,124.0564388,466,118.1609072,58,45.0555213,6,16.76305461,39,31.51190251,11,23.68543856,0,17.32050808,60,38.88444419,8,18.54723699,7,17.91647287,27,32.26453161,9,19.89974874,0,17.32050808,0,17.32050808,9,19.89974874,141,97.26767192,334,98.53933225,44,46.021734,27,43.37049688,0,17.32050808,17,21.56385865,0,17.32050808,0,17.32050808,290,88.82004278,0,17.32050808,46,31.40063694,86,51.19570294,39,39.61060464,0,17.32050808,17,23.62202362,102,58.58327406,0,17.32050808
Squirrel Hill North,77,11329,767.7831725,1519,464.1950021,1446,463.7165082,1234,460.2477594,88,55.5967625,0,31.6227766,115,76.62897624,9,33.10589071,0,31.6227766,61,45.58508528,25,39.56008089,0,31.6227766,0,31.6227766,10,30.9354166,0,31.6227766,26,34.85685012,12,31.95309062,5770,478.5279511,5248,448.4406315,3682,409.9512166,1391,241.9070069,0,31.6227766,174,81.15417426,1,30.2654919,0,31.6227766,285,95.86970324,220,90.65870063,9,33.10589071,0,31.6227766,22,35.24202037,0,31.6227766,34,37.40320842,237,98.53933225,2599,264.988679,2351,251.813423,2012,244.9020212,273,89.83874443,9,30.61045573,39,45.54119015,18,40.36087214,0,31.6227766,130,65.81033354,66,59.11006682,0,31.6227766,0,31.6227766,12,34.98571137,0,31.6227766,0,31.6227766,52,45.32107677,118,74.17546764,1441,185.7417562,311,91.29622117,58,50.80354318,43,51.66236541,210,77.83957862,0,31.6227766,0,31.6227766,1130,179.3042108,0,31.6227766,430,123.4503949,342,113.9517442,13,32.87856445,8,32.69556545,11,34.98571137,326,101.9754873,0,31.6227766
Squirrel Hill South,78,15494,877.9572883,2587,384.8558172,2415,375.004,1938,345.1883544,210,139.5134402,0,36.05551275,267,158.3350877,0,36.05551275,0,36.05551275,118,84.92349498,0,36.05551275,0,36.05551275,0,36.05551275,0,36.05551275,0,36.05551275,118,84.92349498,54,59.08468499,5416,578.0069204,4641,553.6632551,3549,438.1301177,1019,304.1463464,0,36.05551275,53,52.65928218,20,40.06245125,0,36.05551275,316,130.5296901,184,103.2085268,0,36.05551275,0,36.05551275,0,36.05551275,0,36.05551275,132,87.51571287,459,218.2521478,4927,467.8525409,4185,431.2122447,3399,394.5896603,547,180.7069451,127,109.4440496,97,65.23036103,15,41.03656906,0,36.05551275,353,146.8638826,44,50.12983144,24,41.18252056,25,43.68065934,74,60.90155991,0,36.05551275,0,36.05551275,186,105.2948242,389,208.851622,2564,281.286331,818,182.2333669,159,89.34203938,23,49.95998399,636,155.241747,0,36.05551275,0,36.05551275,1719,259.3414737,10,37.74917218,415,147.6312975,713,197.4006079,218,106.0942977,0,36.05551275,21,41.53311931,342,122.4418229,27,54.44263036
St. Clair,79,270,96,84,44,84,44,8,13,0,10,0,10,76,45,0,10,0,10,0,10,0,10,0,10,0,10,0,10,0,10,0,10,0,10,67,40,58,34,25,27,4,7,0,10,29,20,0,10,0,10,9,14,0,10,0,10,0,10,0,10,0,10,9,14,0,10,111,46,64,37,60,36,0,10,0,10,4,6,0,10,0,10,17,15,5,7,0,10,0,10,8,13,0,10,0,10,4,6,30,31,8,8,0,10,0,10,0,10,0,10,0,10,0,10,8,8,0,10,0,10,0,10,0,10,0,10,0,10,8,8,0,10
Stanton Heights,80,4713,410.7334902,866,191.4418972,742,167.1496336,442,144.4333756,43,50.08991915,0,20,257,109.0366911,0,20,0,20,71,63.76519427,11,24.97999199,0,20,0,20,0,20,0,20,60,60.54750201,53,62.35382907,1053,186.9786084,939,168.9348987,777,172.5021739,84,51.0881591,10,23.57965225,68,47.68647607,0,20,0,20,28,30.88689042,11,24.97999199,0,20,9,21.65640783,0,20,0,20,8,22.91287847,86,67.83804242,1944,216.7325541,1560,212.2168702,1328,200.5567251,129,59.66573556,26,27.23967694,68,39.11521443,0,20,9,18.97366596,246,92.09234496,63,48.88762625,6,20,26,31,45,36.61966685,0,20,10,22.91287847,96,61.3351449,138,64.11708041,850,125.6741819,163,62.84106937,44,26.72077843,0,20,119,58.88972746,0,20,0,20,687,112.4410957,0,20,172,69.67065379,229,77.01298592,26,26.45751311,0,20,5,18.68154169,255,81.40638796,0,20
Strip District,81,747,94,33,41,33,41,7,11,0,10,0,10,26,40,0,10,0,10,0,10,0,10,0,10,0,10,0,10,0,10,0,10,0,10,372,91,372,91,336,91,32,23,0,10,4,5,0,10,0,10,0,10,0,10,0,10,0,10,0,10,0,10,0,10,0,10,287,73,253,67,241,64,6,10,6,9,0,10,0,10,0,10,9,11,7,10,0,10,0,10,2,5,0,10,0,10,0,10,25,27,55,37,26,26,2,5,0,10,24,25,0,10,0,10,29,25,0,10,15,15,0,10,0,10,0,10,0,10,14,20,0,10
Summer Hill,82,1191,92,227,44,223,43,128,57,40,41,0,10,55,43,0,10,0,10,4,6,4,6,0,10,0,10,0,10,0,10,0,10,0,10,287,74,220,61,194,57,15,17,0,10,5,8,0,10,6,11,12,12,5,7,0,10,0,10,0,10,0,10,7,10,55,28,487,54,420,48,389,48,26,21,0,10,5,8,0,10,0,10,30,21,9,10,0,10,0,10,7,11,0,10,0,10,14,14,37,25,190,43,49,33,7,10,6,8,36,24,0,10,0,10,141,33,0,10,35,20,67,34,7,11,0,10,0,10,32,18,0,10
Swisshelm Park,83,1345,106,268,35,264,33,215,43,0,10,0,10,49,29,0,10,0,10,4,6,0,10,4,6,0,10,0,10,0,10,0,10,0,10,264,54,258,53,202,41,17,15,0,10,20,22,0,10,19,26,0,10,0,10,0,10,0,10,0,10,0,10,0,10,6,10,614,83,553,76,468,67,52,35,5,6,22,29,0,10,6,8,26,21,5,7,4,8,4,6,1,2,0,10,0,10,12,12,35,28,199,56,60,28,0,10,0,10,60,28,0,10,0,10,139,45,0,10,64,30,28,17,7,9,0,10,11,14,29,17,0,10
Terrace Village,84,2292,264.4636081,262,100.1648641,195,80.70315979,62,42.24926035,9,22.11334439,0,17.32050808,124,72.39475119,0,17.32050808,0,17.32050808,0,17.32050808,0,17.32050808,0,17.32050808,0,17.32050808,0,17.32050808,0,17.32050808,0,17.32050808,67,42.26109322,1375,206.8235963,1184,187.7817883,854,161.3071604,187,80.98147936,0,17.32050808,143,60.21627687,0,17.32050808,0,17.32050808,108,86.19744776,108,86.19744776,0,17.32050808,0,17.32050808,0,17.32050808,0,17.32050808,0,17.32050808,83,48.21825381,438,78.10889834,313,73.65459931,108,52.96225071,16,21.74856317,8,14.14213562,162,55.86591089,0,17.32050808,19,22.89104628,88,44.14748011,11,20.61552813,0,17.32050808,0,17.32050808,58,38.41874542,0,17.32050808,0,17.32050808,19,17.72004515,37,24.37211521,217,77.59510294,64,46.31414471,0,17.32050808,0,17.32050808,64,46.31414471,0,17.32050808,0,17.32050808,153,59.9666574,0,17.32050808,25,24.91987159,15,28.72281323,76,41.73727351,0,17.32050808,0,17.32050808,37,29.06888371,0,17.32050808
Troy Hill,85,2283,323.1671394,320,78.10249676,320,78.10249676,60,37.53664876,0,14.14213562,0,14.14213562,260,68.8839604,0,14.14213562,0,14.14213562,0,14.14213562,0,14.14213562,0,14.14213562,0,14.14213562,0,14.14213562,0,14.14213562,0,14.14213562,0,14.14213562,721,165.7015389,605,149.0134222,452,137.4372584,17,19.10497317,0,14.14213562,123,66.57326791,13,23.2594067,0,14.14213562,47,34.71310992,27,27.85677655,0,14.14213562,7,15.62049935,0,14.14213562,0,14.14213562,13,22.36067978,69,63.28506933,909,176.8191166,720,164.0274367,590,160.7046981,91,59.93329626,9,17.20465053,20,22.8035085,0,14.14213562,10,18.86796226,96,55.97320788,14,24.16609195,0,14.14213562,10,17.20465053,41,39.11521443,0,14.14213562,0,14.14213562,31,29.52964612,93,52.35456045,333,113.2298547,71,44.28317965,22,23.08679276,0,14.14213562,49,37.21558813,0,14.14213562,0,14.14213562,262,108.7060256,0,14.14213562,29,26.62705391,169,100.6578363,15,19.72308292,0,14.14213562,7,14.14213562,42,35.80502758,0,14.14213562
Upper Hill,86,1864,399.9324943,254,154.870914,239,150.5390315,33,36.67424164,0,17.32050808,0,17.32050808,206,149.0067113,0,17.32050808,0,17.32050808,15,28.72281323,0,17.32050808,0,17.32050808,0,17.32050808,0,17.32050808,0,17.32050808,15,28.72281323,0,17.32050808,465,322.9442676,298,213.2697822,70,104.5227248,119,139.7175723,0,17.32050808,109,81.65782265,0,17.32050808,0,17.32050808,0,17.32050808,0,17.32050808,0,17.32050808,0,17.32050808,0,17.32050808,0,17.32050808,0,17.32050808,167,150.056656,771,222.1778567,598,190.1078641,383,170.1440566,19,19.02629759,0,17.32050808,181,95.13148795,0,17.32050808,15,25.3179778,39,33.2565783,0,17.32050808,0,17.32050808,0,17.32050808,7,17.91647287,0,17.32050808,15,27.85677655,17,21.3541565,134,93.88290579,374,110.3313192,32,24.61706725,3,16.24807681,0,17.32050808,29,23.53720459,0,17.32050808,0,17.32050808,342,110.6164545,0,17.32050808,105,63.29296959,86,52.93392107,78,70.71774883,0,17.32050808,0,17.32050808,73,45.44227107,0,17.32050808
Upper Lawrenceville,87,2754,435.7086182,522,227.2333602,466,201.1839954,148,114.9173616,24,30.29851482,0,17.32050808,294,189.528362,0,17.32050808,0,17.32050808,0,17.32050808,0,17.32050808,0,17.32050808,0,17.32050808,0,17.32050808,0,17.32050808,0,17.32050808,56,58.72818744,1071,237.0210961,862,228.054818,641,185.4319282,145,90.80198236,19,29.59729717,57,51,0,17.32050808,0,17.32050808,31,37.58989226,0,17.32050808,0,17.32050808,0,17.32050808,0,17.32050808,0,17.32050808,31,37.58989226,178,104.2784733,825,175.4394482,598,152.2530788,446,133.0601368,70,47,15,20.90454496,62,59.69924623,0,17.32050808,5,16.24807681,49,36.40054945,2,15.3622915,0,17.32050808,5,16.24807681,0,17.32050808,0,17.32050808,9,19.89974874,33,29.63106478,178,78.94935085,336,112.8627485,77,42.86023798,25,30.47950131,0,17.32050808,52,34.88552709,0,17.32050808,0,17.32050808,259,110.896348,0,17.32050808,54,52.74466798,64,40.06245125,32,39.61060464,0,17.32050808,0,17.32050808,109,93.30058949,0,17.32050808
West End,88,235,138,0,10,0,10,0,10,0,10,0,10,0,10,0,10,0,10,0,10,0,10,0,10,0,10,0,10,0,10,0,10,0,10,144,121,78,78,78,78,0,10,0,10,0,10,0,10,0,10,10,16,0,10,0,10,10,16,0,10,0,10,0,10,56,91,66,37,39,33,35,32,4,6,0,10,0,10,0,10,0,10,13,16,0,10,0,10,4,6,0,10,0,10,0,10,9,15,14,21,25,22,4,8,0,10,0,10,4,8,0,10,0,10,21,18,0,10,3,6,7,10,0,10,0,10,0,10,11,14,0,10
West Oakland,89,1667,276.2354069,219,74.16872656,158,62.80127387,37,42.20189569,0,14.14213562,6,16.40121947,115,56.88585061,0,14.14213562,0,14.14213562,61,42.29657197,3,11.18033989,0,14.14213562,27,36.40054945,0,14.14213562,0,14.14213562,31,31.6227766,0,14.14213562,919,239.0083681,768,210.2379604,424,176.1391495,208,120.805629,0,14.14213562,136,94.04786016,0,14.14213562,0,14.14213562,63,58.41232747,35,45.12205669,0,14.14213562,22,35.44009029,0,14.14213562,0,14.14213562,6,16.40121947,88,59.20304046,388,89.93886813,274,81.68843247,104,45.27692569,25,21.09502311,11,15.8113883,127,60.10823571,7,14.14213562,0,14.14213562,52,30.41381265,0,14.14213562,0,14.14213562,0,14.14213562,0,14.14213562,0,14.14213562,0,14.14213562,52,30.41381265,62,36.23534186,141,52.43090692,21,19.20937271,0,14.14213562,0,14.14213562,21,19.20937271,0,14.14213562,0,14.14213562,120,52.69724851,0,14.14213562,24,22.36067978,36,29.83286778,0,14.14213562,0,14.14213562,0,14.14213562,60,36.12478374,0,14.14213562
Westwood,90,3511,405.4935265,732,201.00995,568,187.0026738,342,128.6001555,0,14.14213562,0,14.14213562,226,125.9364919,0,14.14213562,0,14.14213562,35,37.12142239,0,14.14213562,0,14.14213562,0,14.14213562,0,14.14213562,0,14.14213562,35,37.12142239,129,117.3371212,902,198.5950654,676,168.8342382,457,160.2061172,76,64.66065264,0,14.14213562,143,73.38937253,0,14.14213562,0,14.14213562,18,27.85677655,18,27.85677655,0,14.14213562,0,14.14213562,0,14.14213562,0,14.14213562,0,14.14213562,208,96.64884893,1402,206.4654935,1144,179.3014222,909,166.8772004,122,59.05929224,34,45.12205669,79,49.65883607,0,14.14213562,0,14.14213562,71,44.04543109,8,15.62049935,0,14.14213562,20,32.57299495,12,17.20465053,0,14.14213562,0,14.14213562,31,26.57066051,187,105.3090689,475,91.92388155,110,56.85068161,11,19.72308292,0,14.14213562,99,53.82378656,0,14.14213562,0,14.14213562,365,83.18653737,0,14.14213562,67,42.05948169,158,63.28506933,9,17.20465053,0,14.14213562,40,42.20189569,91,57.48912941,0,14.14213562
Windgap,91,1534,367.8287645,321,161.0124219,261,142.7620398,146,86.3539229,18,25.07987241,0,14.14213562,97,105.1189802,0,14.14213562,0,14.14213562,60,81.61494961,0,14.14213562,0,14.14213562,0,14.14213562,0,14.14213562,0,14.14213562,60,81.61494961,0,14.14213562,335,130.3572016,263,118.2962383,239,113.5297318,24,34.4818793,0,14.14213562,0,14.14213562,0,14.14213562,0,14.14213562,54,64.77653896,0,14.14213562,0,14.14213562,0,14.14213562,0,14.14213562,0,14.14213562,54,64.77653896,18,31.6227766,589,139.3161871,453,122.5765067,344,105.3090689,19,21.21320344,0,14.14213562,86,68.65857558,4,12.20655562,0,14.14213562,117,83.24061509,15,18.86796226,16,18.86796226,0,14.14213562,7,14.86606875,5,12.80624847,0,14.14213562,74,80.06247561,19,32.57299495,289,79.63039621,49,32.01562119,0,14.14213562,0,14.14213562,49,32.01562119,0,14.14213562,0,14.14213562,240,78.49203781,0,14.14213562,47,26.90724809,129,63.63175308,0,14.14213562,0,14.14213562,0,14.14213562,64,50.15974482,0,14.14213562
